signal_date,entry_date,exit_date,entry_price_usd_per_oz,actual_exit_close_usd_per_oz,actual_log_return,actual_growth_pct,OLS_predicted_log_return,OLS_predicted_growth_pct,OLS_predicted_close_usd_per_oz,Ridge_predicted_log_return,Ridge_predicted_growth_pct,Ridge_predicted_close_usd_per_oz,Lasso_predicted_log_return,Lasso_predicted_growth_pct,Lasso_predicted_close_usd_per_oz,ElasticNet_predicted_log_return,ElasticNet_predicted_growth_pct,ElasticNet_predicted_close_usd_per_oz,BaggedHuber_predicted_log_return,BaggedHuber_predicted_growth_pct,BaggedHuber_predicted_close_usd_per_oz,WeightedEnsemble_predicted_log_return,WeightedEnsemble_predicted_growth_pct,WeightedEnsemble_predicted_close_usd_per_oz,HistoricalMean_predicted_log_return,HistoricalMean_predicted_growth_pct,HistoricalMean_predicted_close_usd_per_oz,ZeroForecast_predicted_log_return,ZeroForecast_predicted_growth_pct,ZeroForecast_predicted_close_usd_per_oz
2025-11-27,2025-11-27,2025-11-30,4238.56,4231.85,-0.001584339224094526,-0.15830848212600165,-0.00010877288380571376,-0.010876696825007401,4238.098984679054,-5.466812534239067e-05,-0.005466663106765629,4238.328292204222,0.0005423557821265098,0.054250288361629206,4240.859431022382,0.0005423557821265098,0.054250288361629206,4240.859431022382,-0.0003742024366829446,-0.037413243168342096,4236.974217240365,0.00011227940114858382,0.011228570471646302,4239.0359296965835,0.0005423557821265098,0.054250288361629206,4240.859431022382,0.0,0.0,4238.56
2025-11-30,2025-11-30,2025-12-01,4231.85,4206.24,-0.006070112699918992,-0.6051726786157507,0.00019946663264095907,0.019948652743248797,4232.694197061115,0.00023495193740828777,0.0234979540776513,4232.8443981696355,0.0005423557821265098,0.054250288361629206,4234.145790828032,0.0005423557821265098,0.054250288361629206,4234.145790828032,6.901115703122467e-05,0.006901353835590107,4232.142054942292,0.00031913076263552384,0.03191816902747354,4233.20072903599,0.0005423557821265098,0.054250288361629206,4234.145790828032,0.0,0.0,4231.85
2025-12-01,2025-12-01,2025-12-02,4206.24,4203.24,-0.0007134805308445998,-0.07132260641332655,0.0008929805242222347,0.08933793500362816,4209.997767957297,0.0008444064936640223,0.08447631051952607,4209.793276363596,0.0005423557821265098,0.054250288361629206,4208.521897329182,0.0005423557821265098,0.054250288361629206,4208.521897329182,0.0005003879002876379,0.050051311519748606,4208.3452782856675,0.0006622258895990285,0.0662445209573906,4209.026403538318,0.0005423557821265098,0.054250288361629206,4208.521897329182,0.0,0.0,4206.24
2025-12-02,2025-12-02,2025-12-03,4203.24,4208.33,0.0012102379511236556,0.1210970584596627,0.0008523097358011227,0.08526730549568129,4206.823989491516,0.0008052161196259511,0.08055403931565211,4206.625879602131,0.0005423557821265098,0.054250288361629206,4205.520269820531,0.0005423557821265098,0.054250288361629206,4205.520269820531,0.0004348289348909208,0.043492348669635375,4205.068087796221,0.0006333142028917917,0.06335147886739574,4205.9028147003455,0.0005423557821265098,0.054250288361629206,4205.520269820531,0.0,0.0,4203.24
2025-12-03,2025-12-03,2025-12-04,4208.33,4194.62,-0.0032631426262091593,-0.3257824362633222,0.0007507792820295324,0.07510611873398361,4211.490713326518,0.0007154470534390235,0.07157030467284023,4211.341914602638,0.0005423557821265098,0.054250288361629206,4210.613031160209,0.0005423557821265098,0.054250288361629206,4210.613031160209,0.00039250156440960186,0.03925786032275897,4209.98210031332,0.0005871734204774024,0.05873458405354338,4210.801745121101,0.0005423557821265098,0.054250288361629206,4210.613031160209,0.0,0.0,4208.33
2025-12-04,2025-12-04,2025-12-05,4194.62,4197.985000000001,0.0008018964744127226,0.08022180793494371,0.0003795370621628983,0.037960909546649046,4196.212315904026,0.000374900603705528,0.037497088771975606,4196.1928603850465,0.0005423557821265098,0.054250288361629206,4196.895593445674,0.0005423557821265098,0.054250288361629206,4196.895593445674,0.0003162010195039411,0.031625101631585086,4195.946552838059,0.00043184381606397356,0.04319370740285186,4196.431811889461,0.0005423557821265098,0.054250288361629206,4196.895593445674,0.0,0.0,4194.62
2025-12-05,2025-12-05,2025-12-06,4197.985000000001,4197.99,1.1910469003533012e-06,0.00011910476096499423,0.0007976989970854962,0.0798017243546474,4201.33506441815,0.0007659049896641987,0.07661983697864473,4201.201489263389,0.0005423557821265098,0.054250288361629206,4200.262418967879,0.0005423557821265098,0.054250288361629206,4200.262418967879,0.0005233580583577539,0.05234950340811185,4200.182624300647,0.0006326871216296298,0.06328873103432821,4200.641851435513,0.0005423557821265098,0.054250288361629206,4200.262418967879,0.0,0.0,4197.985000000001
2025-12-06,2025-12-06,2025-12-07,4197.99,4190.56,-0.0017714627541098806,-0.17698946400538376,0.0004753372397144695,0.047545023036237755,4199.9859353125585,0.0004857093679646021,0.0485827343859559,4200.029498331249,0.0005423557821265098,0.054250288361629206,4200.2674216803925,0.0005423557821265098,0.054250288361629206,4200.2674216803925,0.0004109330267678466,0.0411017471310712,4199.715447234387,0.0004915649321041197,0.04916857699444274,4200.054091945369,0.0005423557821265098,0.054250288361629206,4200.2674216803925,0.0,0.0,4197.99
2025-12-07,2025-12-07,2025-12-08,4190.56,4207.79,0.004103192692363644,0.4111622313008211,0.0005571087617219552,0.05572639756304868,4192.895248125718,0.0005585788123985253,0.055873484659446845,4192.901411898745,0.0005423557821265098,0.054250288361629206,4192.833390883968,0.0005423557821265098,0.054250288361629206,4192.833390883968,0.0005225337920812518,0.05226703366451991,4192.750281405933,0.0005444543622148284,0.05446026043935754,4192.842189889868,0.0005423557821265098,0.054250288361629206,4192.833390883968,0.0,0.0,4190.56
2025-12-08,2025-12-08,2025-12-09,4207.79,4228.35,0.004874276791599399,0.4886175403240324,0.0008192892377715523,0.08196249468738082,4211.238809655206,0.0007847129352710184,0.07850209030165659,4211.093203105504,0.0005423557821265098,0.054250288361629206,4210.072738208652,0.0005423557821265098,0.054250288361629206,4210.072738208652,0.0005090955137173017,0.05092251248322244,4209.9327123880175,0.0006377566683998657,0.06379600784236447,4210.4744020383905,0.0005423557821265098,0.054250288361629206,4210.072738208652,0.0,0.0,4207.79
2025-12-09,2025-12-09,2025-12-10,4228.35,4280.13,0.012171536925456534,1.2245911525772477,0.0012275854701824466,0.12283392616420062,4233.543848316964,0.0011592120443731989,0.11598841903499216,4233.254396316267,0.0005423557821265098,0.054250288361629206,4230.643892067939,0.0005423557821265098,0.054250288361629206,4230.643892067939,0.0007898446727677884,0.07901566822122635,4231.691059007232,0.0008482374405323076,0.08485972956504036,4231.938166375064,0.0005423557821265098,0.054250288361629206,4230.643892067939,0.0,0.0,4228.35
2025-12-10,2025-12-10,2025-12-11,4280.13,4301.41,0.00495949296231213,0.49718116038530713,0.0008892594040528423,0.08896549124245151,4283.9378386803155,0.0008359697890563767,0.08363193091897896,4283.709555364842,0.0005423557821265098,0.054250288361629206,4282.451982867253,0.0005423557821265098,0.054250288361629206,4282.451982867253,0.0005563218974458849,0.05564766731730519,4282.511792503149,0.0006711017093347267,0.06713269484701676,4283.003366611956,0.0005423557821265098,0.054250288361629206,4282.451982867253,0.0,0.0,4280.13
2025-12-11,2025-12-11,2025-12-12,4301.41,4299.605,-0.0004197179115483832,-0.041962984230758955,0.00044578271428075686,0.04458820901610673,4303.32792168144,0.0004187719088536563,0.04188596060507591,4303.211686898063,0.0005423557821265098,0.054250288361629206,4303.743527328616,0.0005423557821265098,0.054250288361629206,4303.743527328616,0.00043748245268932255,0.0437578162094081,4303.292203082213,0.0004779219526123532,0.04780361755045655,4303.466229585677,0.0005423557821265098,0.054250288361629206,4303.743527328616,0.0,0.0,4301.41
2025-12-12,2025-12-12,2025-12-13,4299.605,4299.605,0.0,0.0,0.001126547825864689,0.11271826192193136,4304.451440025508,0.0010512906793521044,0.1051843479099119,4304.127511481952,0.0005423557821265098,0.054250288361629206,4301.937548110911,0.0005423557821265098,0.054250288361629206,4301.937548110911,0.0008139163777920833,0.08142476976098806,4303.105943471882,0.0008119926601319272,0.0812322415418899,4303.097665518946,0.0005423557821265098,0.054250288361629206,4301.937548110911,0.0,0.0,4299.605
2025-12-13,2025-12-13,2025-12-14,4299.605,4305.12,0.001281854040696201,0.12826759667459164,0.0006372480587784161,0.06374511444589856,4302.345788127971,0.0006191474757409624,0.06193391871031478,4302.267913865565,0.0005423557821265098,0.054250288361629206,4301.937548110911,0.0005423557821265098,0.054250288361629206,4301.937548110911,0.0006101294497660184,0.06103156165987849,4302.229116076706,0.0005897628994039098,0.058993684373629035,4302.141495403012,0.0005423557821265098,0.054250288361629206,4301.937548110911,0.0,0.0,4299.605
2025-12-14,2025-12-14,2025-12-15,4305.12,4302.72,-0.0005576311971853949,-0.05574757498048033,0.0006439821251848104,0.0644189526192047,4307.893313213,0.0006258754198431203,0.06260713207314207,4307.815312164307,0.0005423557821265098,0.054250288361629206,4307.4555400143145,0.0005423557821265098,0.054250288361629206,4307.4555400143145,0.0006127054566955627,0.06128931990255204,4307.758578768989,0.0005929291443980852,0.059310496163056024,4307.673388032415,0.0005423557821265098,0.054250288361629206,4307.4555400143145,0.0,0.0,4305.12
2025-12-15,2025-12-15,2025-12-16,4302.72,4338.19,0.0082098295727625,0.8243622638702819,0.0013503614164490567,0.13512735649570845,4308.534151793412,0.001257513973724359,0.1258304975952118,4308.134133986128,0.0005423557821265098,0.054250288361629206,4305.054238007394,0.0005423557821265098,0.054250288361629206,4305.054238007394,0.001037700449738225,0.10382390471347273,4307.187251912887,0.0009416351503621684,0.09420786279274651,4306.773500553956,0.0005423557821265098,0.054250288361629206,4305.054238007394,0.0,0.0,4302.72
2025-12-16,2025-12-16,2025-12-17,4338.19,4332.63,-0.0012824625034422484,-0.1281640499839698,0.0010750622829015764,0.10756403694987737,4342.856332294555,0.0010025096408815958,0.100301232163836,4342.541258023608,0.0005423557821265098,0.054250288361629206,4340.543480584675,0.0005423557821265098,0.054250288361629206,4340.543480584675,0.0007915618837381825,0.07918752515239533,4341.625305297408,0.000787773044222694,0.07880834189035477,4341.608855607053,0.0005423557821265098,0.054250288361629206,4340.543480584675,0.0,0.0,4338.19
2025-12-17,2025-12-17,2025-12-18,4332.63,4338.25,0.0012962930606757756,0.12971336116862633,0.001225211240553857,0.12259621184758905,4337.941640253372,0.0011470255324325402,0.11476836178080899,4337.602488473024,0.0005423557821265098,0.054250288361629206,4334.980464268643,0.0005423557821265098,0.054250288361629206,4334.980464268643,0.0009304379036111889,0.09308708952376211,4336.663119166833,0.0008736943220064409,0.08740761040694386,4336.417048350775,0.0005423557821265098,0.054250288361629206,4334.980464268643,0.0,0.0,4332.63
2025-12-18,2025-12-18,2025-12-21,4338.25,4443.56,0.023984815986113666,2.4274765170287704,0.0007206019600847421,0.07208616560525763,4341.37727807937,0.0006675721719352685,0.0667795047830129,4341.14706186625,0.0005423557821265098,0.054250288361629206,4340.603513134849,0.0005423557821265098,0.054250288361629206,4340.603513134849,0.0006849060376092975,0.06851406393064569,4341.222311378471,0.000630725981496897,0.06309249309540967,4340.987110081712,0.0005423557821265098,0.054250288361629206,4340.603513134849,0.0,0.0,4338.25
2025-12-21,2025-12-21,2025-12-22,4443.56,4483.81,0.009017274456211997,0.9058052552457949,0.0004001016382459004,0.040018168958223146,4445.338231348561,0.0003977730889971389,0.039785221120285104,4445.327880171613,0.0005423557821265098,0.054250288361629206,4445.970644113522,0.0005423557821265098,0.054250288361629206,4445.970644113522,0.000190592694679679,0.019061085862126483,4444.406990786935,0.00041508094838353947,0.04151671064008331,4445.404819947318,0.0005423557821265098,0.054250288361629206,4445.970644113522,0.0,0.0,4443.56
2025-12-22,2025-12-22,2025-12-23,4483.81,4478.31,-0.0012273883167087944,-0.12266353837473429,0.0009059281422276212,0.09063386190718778,4487.873850163582,0.0008428470941786922,0.08432023896036689,4487.590759306529,0.0005423557821265098,0.054250288361629206,4486.242479854588,0.0005423557821265098,0.054250288361629206,4486.242479854588,0.000505350809550564,0.050547852078300634,4486.076469646272,0.000665458671264459,0.06656801380089704,4486.794783259606,0.0005423557821265098,0.054250288361629206,4486.242479854588,0.0,0.0,4483.81
2025-12-23,2025-12-23,2025-12-24,4478.31,4478.305,-1.1164932287579683e-06,-0.00011164926054796354,0.0008966485569030645,0.08970506663950137,4482.327270969824,0.0008151793834570716,0.08155117324725651,4481.96211434665,0.0005423557821265098,0.054250288361629206,4480.739496088729,0.0005423557821265098,0.054250288361629206,4480.739496088729,0.0007550213324637563,0.07553064328177622,4481.692496351153,0.0007084847002969143,0.0708735734863408,4481.483938328796,0.0005423557821265098,0.054250288361629206,4480.739496088729,0.0,0.0,4478.31
2025-12-24,2025-12-24,2025-12-25,4478.305,4532.38,0.012002561220476857,1.2074881009667582,0.0009270393826807904,0.09274692165033432,4482.458490029613,0.0008397951586506853,0.08401478853374092,4482.067438475647,0.0005423557821265098,0.054250288361629206,4480.734493376214,0.0005423557821265098,0.054250288361629206,4480.734493376214,0.0008163146291292593,0.08166479045958347,4481.962198394392,0.0007316474780576878,0.07319151973618321,4481.5827394879225,0.0005423557821265098,0.054250288361629206,4480.734493376214,0.0,0.0,4478.305
2025-12-25,2025-12-25,2025-12-27,4532.38,4532.375,-1.1031737758675954e-06,-0.00011031731673716294,0.0004766912483091427,0.047680488363785495,4534.541060918503,0.0004652769487432472,0.04653852068521129,4534.489302603833,0.0005423557821265098,0.054250288361629206,4534.838829219645,0.0005423557821265098,0.054250288361629206,4534.838829219645,0.0003449091501772445,0.03449686381773044,4533.9435289563025,0.00047450187931021996,0.04746144731349107,4534.531133145747,0.0005423557821265098,0.054250288361629206,4534.838829219645,0.0,0.0,4532.38
2025-12-27,2025-12-27,2025-12-28,4532.375,4332.51,-0.045099033926424864,-4.409718966325594,0.0006636888021483001,0.0663909092293354,4535.384084972183,0.0006430190187965139,0.06432257998447882,4535.290340534571,0.0005423557821265098,0.054250288361629206,4534.833826507131,0.0005423557821265098,0.054250288361629206,4534.833826507131,0.0006435731019125792,0.06437802395150118,4535.292853463072,0.0006063932629749076,0.060657715653832586,4535.124235139865,0.0005423557821265098,0.054250288361629206,4534.833826507131,0.0,0.0,4532.375
2025-12-28,2025-12-28,2025-12-29,4332.51,4338.5,0.0013816155102669544,0.1382570380680015,0.0007081634953146874,0.07084143022833547,4335.579212048786,0.0007198785896008464,0.07201377643804564,4335.630004065556,0.0005423557821265098,0.054250288361629206,4334.860399168297,0.0005423557821265098,0.054250288361629206,4334.860399168297,0.0009348244528319503,0.09352615373992595,4336.562029963397,0.0006889449503399181,0.0689182327422335,4335.4958893253815,0.0005423557821265098,0.054250288361629206,4334.860399168297,0.0,0.0,4332.51
2025-12-29,2025-12-29,2025-12-30,4338.5,4321.48,-0.0039307300742383155,-0.3923014866889618,0.0009522842140123445,0.09527377805878101,4342.6334528610805,0.0009025671334764369,0.0902974569761966,4342.417555170912,0.0005423557821265098,0.054250288361629206,4340.85364876057,0.0005423557821265098,0.054250288361629206,4340.85364876057,0.0005636246466390311,0.05637835128557505,4340.945974770525,0.0006980644547746782,0.06983081584698517,4341.529609945522,0.0005423557821265098,0.054250288361629206,4340.85364876057,0.0,0.0,4338.5
2025-12-30,2025-12-30,2026-01-01,4321.48,4328.63,0.0016531585444285583,0.16545257643216793,0.0005291551273843397,0.05292951546563854,4323.767338424945,0.0005059591803886511,0.05060871993246358,4323.667045710136,0.0005423557821265098,0.054250288361629206,4323.82441536149,0.0005423557821265098,0.054250288361629206,4323.82441536149,0.00040852042316346515,0.04086038789956197,4323.245773491002,0.0005056289848634813,0.05057568367462796,4323.6656180548625,0.0005423557821265098,0.054250288361629206,4323.82441536149,0.0,0.0,4321.48
2026-01-01,2026-01-01,2026-01-04,4328.63,4448.81,0.027385549964252177,2.7763980751415613,0.0002891907084061405,0.028923252807024367,4329.881980597981,0.00033789738293977145,0.03379544766908989,4330.092879886438,0.0005423557821265098,0.054250288361629206,4330.978294257108,0.0005423557821265098,0.054250288361629206,4330.978294257108,0.00017635407504383262,0.017636962633788947,4329.393438855655,0.00037865057884287344,0.037872227602240974,4330.269348605659,0.0005423557821265098,0.054250288361629206,4330.978294257108,0.0,0.0,4328.63
2026-01-04,2026-01-04,2026-01-05,4448.81,4495.06,0.010342371313275391,1.0396038491192081,-0.00013025843360786366,-0.013024995034644344,4448.230542718399,-5.057765267556323e-05,-0.0050576373647651645,4448.584995323153,0.0005423557821265098,0.054250288361629206,4451.223492253662,0.0005423557821265098,0.054250288361629206,4451.223492253662,-0.00048331489637469847,-0.04831981185444156,4446.660343378238,8.688786711545761e-05,0.008689164197551261,4449.196564405738,0.0005423557821265098,0.054250288361629206,4451.223492253662,0.0,0.0,4448.81
2026-01-05,2026-01-05,2026-01-06,4495.06,4456.56,-0.008601848020812262,-0.8564957976089358,0.0003189629777855707,0.03190138518850106,4496.493986405054,0.00031307290732594123,0.03131219197632806,4496.467501816651,0.0005423557821265098,0.054250288361629206,4497.498583012029,0.0005423557821265098,0.054250288361629206,4497.498583012029,-0.00011272160800673905,-0.011271525516498633,4494.5533381651185,0.0003213602669960528,0.03214119087383746,4496.504765814494,0.0005423557821265098,0.054250288361629206,4497.498583012029,0.0,0.0,4495.06
2026-01-06,2026-01-06,2026-01-07,4456.56,4478.29,0.004864109155385724,0.4875958138115477,5.3756579118328994e-05,0.005375802402911928,4456.799575859568,6.211447287430357e-05,0.006211640201811617,4456.836825472578,0.0005423557821265098,0.054250288361629206,4458.97769665101,0.0005423557821265098,0.054250288361629206,4458.97769665101,6.610749600136857e-05,0.006610968115003366,4456.854621760626,0.000255891945418806,0.02559246885555132,4457.7005437300295,0.0005423557821265098,0.054250288361629206,4458.97769665101,0.0,0.0,4456.56
2026-01-07,2026-01-07,2026-01-08,4478.29,4510.21,0.007102438489761376,0.7127720625506707,0.0005341714264857815,0.05343141214489448,4480.682813586944,0.0005099587082124978,0.051008875926048726,4480.574325389708,0.0005423557821265098,0.054250288361629206,4480.71948523867,0.0005423557821265098,0.054250288361629206,4480.71948523867,0.0001326732826895487,0.013268208417875505,4478.884188850757,0.000451827878098585,0.045192996768936074,4480.313873455003,0.0005423557821265098,0.054250288361629206,4480.71948523867,0.0,0.0,4478.29
2026-01-08,2026-01-08,2026-01-11,4510.21,4598.28,0.019338604905198602,1.9526806955773686,0.00013404641456014497,0.013405539918222081,4510.814618001946,0.00013835105743909373,0.013836062838801951,4510.834035489762,0.0005423557821265098,0.054250288361629206,4512.656801930715,0.0005423557821265098,0.054250288361629206,4512.656801930715,-0.00010028015967644258,-0.010027513178929739,4509.757738097853,0.00025314934781637166,0.025318139281652146,4511.351901249695,0.0005423557821265098,0.054250288361629206,4512.656801930715,0.0,0.0,4510.21
2026-01-11,2026-01-11,2026-01-12,4598.28,4586.47,-0.002571655517830866,-0.2568351644527845,-0.00023963953012501283,-0.023961081886631024,4597.1782023638225,-0.00016245026637548479,-0.016243707204544586,4597.533068860354,0.0005423557821265098,0.054250288361629206,4600.774580159675,0.0005423557821265098,0.054250288361629206,4600.774580159675,-0.000588310355858044,-0.058813733525224045,4595.575579854056,2.2224805164168793e-05,0.0022225052136980727,4598.38219701274,0.0005423557821265098,0.054250288361629206,4600.774580159675,0.0,0.0,4598.28
2026-01-12,2026-01-12,2026-01-13,4586.47,4626.74,0.0087418514182013,0.8780172987068458,9.46033965658242e-05,0.009460787160826205,4586.903916164895,0.00011091746210365665,0.011092361367279311,4586.978747826402,0.0005423557821265098,0.054250288361629206,4588.95817320062,0.0005423557821265098,0.054250288361629206,4588.95817320062,-4.151675990189141e-06,-0.00041516673719943037,4586.450958502149,0.00025937017482593897,0.02594038141780189,4587.659747811614,0.0005423557821265098,0.054250288361629206,4588.95817320062,0.0,0.0,4586.47
2026-01-13,2026-01-13,2026-01-14,4626.74,4615.92,-0.0023413183959445304,-0.23385796478729842,-3.7531834710672262e-06,-0.0003753176427882954,4626.722635028494,7.64712436990354e-06,0.0007647153609233635,4626.77538139149,0.0005423557821265098,0.054250288361629206,4629.2500197917425,0.0005423557821265098,0.054250288361629206,4629.2500197917425,-0.000180236527356432,-0.018022028572932808,4625.906167595204,0.00018424354701290581,0.018426052089764066,4627.592525522458,0.0005423557821265098,0.054250288361629206,4629.2500197917425,0.0,0.0,4626.74
2026-01-14,2026-01-14,2026-01-15,4615.92,4594.35,-0.004683910338213042,-0.4672957936879273,-9.679449043956459e-05,-0.00967898060040186,4615.47322599867,-7.215103581282027e-05,-0.007214843298943502,4615.586968605196,0.0005423557821265098,0.054250288361629206,4618.424149910543,0.0005423557821265098,0.054250288361629206,4618.424149910543,-7.697802329150667e-05,-0.0076975060559493986,4615.5646892784625,0.00017106403952841113,0.017107867181556186,4616.709685462807,0.0005423557821265098,0.054250288361629206,4618.424149910543,0.0,0.0,4615.92
2026-01-15,2026-01-15,2026-01-18,4594.35,4671.05,0.016556598113773215,1.6694418144024725,0.0001811870531000397,0.01812034684655475,4595.182512155346,0.0001921890303199803,0.019220749981486044,4595.233068526774,0.0005423557821265098,0.054250288361629206,4596.842448123343,0.0005423557821265098,0.054250288361629206,4596.842448123343,8.45071507048868e-05,0.008451072153473311,4594.738271833484,0.00031023777355191685,0.03102859022669725,4595.775562035081,0.0005423557821265098,0.054250288361629206,4596.842448123343,0.0,0.0,4594.35
2026-01-18,2026-01-18,2026-01-19,4671.05,4763.63,0.019626096841226633,1.9819954828143471,-0.00014375816474201096,-0.014374783203218902,4670.378546689186,-7.079007000538543e-05,-0.007078756444750298,4670.719347747088,0.0005423557821265098,0.054250288361629206,4673.584058094516,0.0005423557821265098,0.054250288361629206,4673.584058094516,-0.00045131909690974373,-0.04512172677658479,4668.942341581403,8.670146786451369e-05,0.008670522654540555,4671.455004448455,0.0005423557821265098,0.054250288361629206,4673.584058094516,0.0,0.0,4671.05
2026-01-19,2026-01-19,2026-01-20,4763.63,4832.5,0.014353949450477745,1.4457462061495006,-0.00026231726885792386,-0.02622828666913132,4762.3805814677435,-0.00018404214832173763,-0.018402521360447472,4762.753371971718,0.0005423557821265098,0.054250288361629206,4766.214283011482,0.0005423557821265098,0.054250288361629206,4766.214283011482,-0.0006207110670551645,-0.062051846579275496,4760.674079620796,6.992165132543566e-06,0.0006992189577787162,4763.663308204039,0.0005423557821265098,0.054250288361629206,4766.214283011482,0.0,0.0,4763.63
2026-01-20,2026-01-20,2026-01-21,4832.5,4936.13,0.021217691270994907,2.1444386963269446,0.00010781921681644717,0.010782502951710968,4833.021064455141,0.00013009035584424401,0.01300988179615285,4833.1287025378,0.0005423557821265098,0.054250288361629206,4835.121645185076,0.0005423557821265098,0.054250288361629206,4835.121645185076,-0.00025779523394933365,-0.02577620076132685,4831.254365098209,0.00021464168139665246,0.02146647185705653,4833.537367252492,0.0005423557821265098,0.054250288361629206,4835.121645185076,0.0,0.0,4832.5
2026-01-21,2026-01-21,2026-01-22,4936.13,4982.52,0.00935416377458467,0.9398050699637175,0.00024644378137539993,0.024647415113885112,4937.346628451661,0.0002433689058782564,0.024339852249296957,4937.3314467488335,0.0005423557821265098,0.054250288361629206,4938.807864758905,0.0005423557821265098,0.054250288361629206,4938.807864758905,-0.0003016392103751075,-0.030159372184231297,4934.641294181803,0.0002553333690439536,0.02553659693832197,4937.390519622451,0.0005423557821265098,0.054250288361629206,4938.807864758905,0.0,0.0,4936.13
2026-01-22,2026-01-22,2026-01-24,4982.52,4982.515,-1.0035087684443203e-06,-0.00010035082649295646,-0.0005341599622369856,-0.05340173242026632,4979.859248001814,-0.0005013758844110833,-0.05012502165255087,4980.022510771158,0.0005423557821265098,0.054250288361629206,4985.223031467676,0.0005423557821265098,0.054250288361629206,4985.223031467676,-0.00040003430222736267,-0.039995429917422755,4980.527219705278,-6.442978716868627e-05,-0.006442771161452505,4982.198987638327,0.0005423557821265098,0.054250288361629206,4985.223031467676,0.0,0.0,4982.52
2026-01-24,2026-01-24,2026-01-25,4982.515,5010.83,0.0056667864007505266,0.5682873006905176,-0.0001939647058398431,-0.019394589590246165,4981.548661664478,-0.00012631462929495814,-0.012630665193806033,4981.885675212119,0.0005423557821265098,0.054250288361629206,4985.218028755162,0.0005423557821265098,0.054250288361629206,4985.218028755162,-0.0004388805823687914,-0.04387842883737046,4980.328750701414,6.841323125465736e-05,0.0068415571493130175,4982.855881611199,0.0005423557821265098,0.054250288361629206,4985.218028755162,0.0,0.0,4982.515
2026-01-25,2026-01-25,2026-01-26,5010.83,5179.38,0.03308378795023634,3.3637141950535234,0.00023930702191463587,0.023933565812424118,5012.029270295799,0.0002569033312781214,0.025693633376502146,5012.117464289319,0.0005423557821265098,0.054250288361629206,5013.548389724311,0.0005423557821265098,0.054250288361629206,5013.548389724311,7.806128870443905e-05,0.007806433556611631,5011.221167114584,0.0003330971933129801,0.03331526763433195,5012.499371425201,0.0005423557821265098,0.054250288361629206,5013.548389724311,0.0,0.0,5010.83
2026-01-26,2026-01-26,2026-01-27,5179.38,5415.34,0.0445503090440117,4.5557576389452015,-0.00019653063948358077,-0.019651132860253353,5178.362193154862,-0.00022026629563674197,-0.022024203879726596,5178.239282789094,0.0005423557821265098,0.054250288361629206,5182.189828585345,0.0005423557821265098,0.054250288361629206,5182.189828585345,-0.00019197733909884107,-0.019195891262865108,5178.385771847109,9.913449627088457e-05,0.009913941025744053,5179.893480678699,0.0005423557821265098,0.054250288361629206,5182.189828585345,0.0,0.0,5179.38
2026-01-27,2026-01-27,2026-01-28,5415.34,5377.64,-0.006986050808696272,-0.6961705082229375,-3.443043158953495e-05,-0.003442983886902779,5415.153550716379,-7.628012213711831e-05,-0.007627721288257492,5414.926932957988,0.0005423557821265098,0.054250288361629206,5418.277837565764,0.0005423557821265098,0.054250288361629206,5418.277837565764,-0.00035742570057532814,-0.03573618316193077,5413.404764178759,0.00012598540517031896,0.012599334166476758,5416.022296782851,0.0005423557821265098,0.054250288361629206,5418.277837565764,0.0,0.0,5415.34
2026-01-28,2026-01-28,2026-01-29,5377.64,4860.89,-0.10102806750485042,-9.609233790287185,0.0002148715727887492,0.02148946593386637,5378.795626115847,0.00015175537010695507,0.015176688553563522,5378.456147674332,0.0005423557821265098,0.054250288361629206,5380.557385207051,0.0005423557821265098,0.054250288361629206,5380.557385207051,0.0004329980329674749,0.04330917901474883,5379.969011734369,0.0003790859428072511,0.037915780496362565,5379.678974178285,0.0005423557821265098,0.054250288361629206,5380.557385207051,0.0,0.0,5377.64
2026-01-29,2026-01-29,2026-02-01,4860.89,4658.23,-0.04258600106028756,-4.169195353114363,0.0005107525430550053,0.05108829993444723,4863.3733460626845,0.0004685700767275056,0.04686798728342949,4863.168201307062,0.0005423557821265098,0.054250288361629206,4863.527046841942,0.0005423557821265098,0.054250288361629206,4863.527046841942,0.0012814842988889336,0.1282305750748161,4867.123147200754,0.0006705209370896511,0.06707457865057943,4864.150421486169,0.0005423557821265098,0.054250288361629206,4863.527046841942,0.0,0.0,4860.89
2026-02-01,2026-02-01,2026-02-02,4658.23,4946.6,0.06006492423303483,6.190548770670423,-0.0006636539435709748,-0.06634337740007275,4655.1395728909365,-0.0004710167918082391,-0.04709058808134869,4656.036412098818,0.0005423557821265098,0.054250288361629206,4660.7571032075475,0.0005423557821265098,0.054250288361629206,4660.7571032075475,-0.0007914247321942003,-0.07911116382430486,4654.544820033387,-0.00016270392523999914,-0.016269068967419077,4657.472149348639,0.0005423557821265098,0.054250288361629206,4660.7571032075475,0.0,0.0,4658.23
2026-02-02,2026-02-02,2026-02-03,4946.6,4965.055,0.0037239030872207343,0.373084542918356,-0.0010141085667411882,-0.10135945324255038,4941.586153285904,-0.0009317633224184628,-0.09313293657660561,4941.993086159302,0.0005423557821265098,0.054250288361629206,4949.283544764097,0.0005423557821265098,0.054250288361629206,4949.283544764097,-0.0015592861639810037,-0.15580711089319751,4938.892845452558,-0.0004769717192187568,-0.04768579862914715,4944.241174285011,0.0005423557821265098,0.054250288361629206,4949.283544764097,0.0,0.0,4946.6
2026-02-03,2026-02-03,2026-02-04,4965.055,4775.77,-0.038869157501822744,-3.812344475539542,0.0001978092978502029,0.019782886339942216,4966.037231187366,0.00024219331494813423,0.024222264611692686,4966.257648760216,0.0005423557821265098,0.054250288361629206,4967.748556654814,0.0005423557821265098,0.054250288361629206,4967.748556654814,-0.00043010086517512197,-0.04300083850570779,4962.919984717731,0.00021967917616755068,0.021970330740478262,4966.1458390049465,0.0005423557821265098,0.054250288361629206,4967.748556654814,0.0,0.0,4965.055
2026-02-04,2026-02-04,2026-02-05,4775.77,4960.72,0.03799567401552082,3.872673935302573,-0.0005238676752502157,-0.05237304805379672,4773.268783682962,-0.00044870160613857805,-0.04486009546276302,4773.627585018919,0.0005423557821265098,0.054250288361629206,4778.3608689964885,0.0005423557821265098,0.054250288361629206,4778.3608689964885,-0.00010933470434707399,-0.010932872752611329,4775.247871142943,6.537378309615476e-06,0.0006537399678319622,4775.801221117262,0.0005423557821265098,0.054250288361629206,4778.3608689964885,0.0,0.0,4775.77
2026-02-05,2026-02-05,2026-02-07,4960.72,4964.425,0.0007465886235607945,0.07468673902175649,-0.00136709428304036,-0.13661602353432417,4953.942861597328,-0.0012292517606205687,-0.12284965401587987,4954.625772643304,0.0005423557821265098,0.054250288361629206,4963.4112049048135,0.0005423557821265098,0.054250288361629206,4963.4112049048135,-0.0019859440809268532,-0.19839733987513053,4950.8780634813465,-0.0006908175998260116,-0.0690579040284769,4957.294230743279,0.0005423557821265098,0.054250288361629206,4963.4112049048135,0.0,0.0,4960.72
2026-02-07,2026-02-07,2026-02-08,4964.425,5059.59,0.01898797223263218,1.916939021135367,-0.001814656961043633,-0.1813011466586989,4955.424440549989,-0.0015488879724584613,-0.15476890645540797,4956.7416137157015,0.0005423557821265098,0.054250288361629206,4967.118214877997,0.0005423557821265098,0.054250288361629206,4967.118214877997,-0.0024743520666655468,-0.24712933808659132,4952.156449357695,-0.0009400249675976793,-0.09395832825369949,4959.760509262592,0.0005423557821265098,0.054250288361629206,4967.118214877997,0.0,0.0,4964.425
2026-02-08,2026-02-08,2026-02-09,5059.59,5024.42,-0.0069754279506377016,-0.6951156121345782,-0.0018979385705735939,-0.18961386240741343,5049.996315979021,-0.001614069257375396,-0.1612767348143022,5051.430058453009,0.0005423557821265098,0.054250288361629206,5062.334842164916,0.0005423557821265098,0.054250288361629206,5062.334842164916,-0.002663863895141697,-0.2660318958157631,5046.129876802495,-0.0010073917145991082,-0.10068844659127932,5054.495577425112,0.0005423557821265098,0.054250288361629206,5062.334842164916,0.0,0.0,5059.59
2026-02-09,2026-02-09,2026-02-10,5024.42,5083.96,0.011780461077809053,1.1850123994411321,-0.0011847890324231565,-0.118408744700174,5018.470647349535,-0.001046176231036582,-0.10456291794708014,5019.166319838083,0.0005423557821265098,0.054250288361629206,5027.1457623384995,0.0005423557821265098,0.054250288361629206,5027.1457623384995,-0.0014193031730209364,-0.14182964386159022,5017.293883007889,-0.0005048075948934787,-0.05046802009769216,5021.884274704607,0.0005423557821265098,0.054250288361629206,5027.1457623384995,0.0,0.0,5024.42
2026-02-10,2026-02-10,2026-02-11,5083.96,4921.26,-0.03252589019783269,-3.200261213699551,-0.0016250850739532492,-0.16237653381955536,5075.704841971227,-0.0014602651484436461,-0.14591994800743424,5076.541488211281,0.0005423557821265098,0.054250288361629206,5086.71806296019,0.0005423557821265098,0.054250288361629206,5086.71806296019,-0.0019863569043082853,-0.1984385403017088,5073.8714639864775,-0.0007870501115978484,-0.07867404688988666,5079.9602429257375,0.0005423557821265098,0.054250288361629206,5086.71806296019,0.0,0.0,5083.96
2026-02-11,2026-02-11,2026-02-12,4921.26,5038.97,0.02363710084071401,2.391867123460245,-0.0011392181776535653,-0.11385695149715726,4915.656803388751,-0.0009701183434315532,-0.0969647930762372,4916.488110424257,0.0005423557821265098,0.054250288361629206,4923.929797741026,0.0005423557821265098,0.054250288361629206,4923.929797741026,-0.0012695735558287736,-0.12687679882670994,4915.016062850061,-0.0004507105535660161,-0.045060899882230616,4919.042435958456,0.0005423557821265098,0.054250288361629206,4923.929797741026,0.0,0.0,4921.26
2026-02-12,2026-02-12,2026-02-15,5038.97,4993.389999999999,-0.00908665829733413,-0.9045499377849264,-0.0015445619152081906,-0.1543369693352391,5031.193006416289,-0.0013483231504187562,-0.13474145711584742,5032.1804183983695,0.0005423557821265098,0.054250288361629206,5041.703655755457,0.0005423557821265098,0.054250288361629206,5041.703655755457,-0.0022476659911530583,-0.2245141881421863,5027.6567974137715,-0.0008018328190707205,-0.08015114370398103,5034.9312079141,0.0005423557821265098,0.054250288361629206,5041.703655755457,0.0,0.0,5038.97
2026-02-15,2026-02-15,2026-02-16,4993.389999999999,4879.02,-0.023170657795235385,-2.2904279457442556,-0.001622752445478694,-0.16214364946460996,4985.293535221998,-0.0013482109758619209,-0.1347302547740988,4986.662392931135,0.0005423557821265098,0.054250288361629206,4996.098928474021,0.0005423557821265098,0.054250288361629206,4996.098928474021,-0.0021719300681971206,-0.21695731347602154,4982.556475204619,-0.0008018933036113698,-0.08015718730995809,4989.387439024583,0.0005423557821265098,0.054250288361629206,4996.098928474021,0.0,0.0,4993.389999999999
2026-02-16,2026-02-16,2026-02-17,4879.02,4976.54,0.019790490423278483,1.9987620464765317,-0.0014268236471891738,-0.14258062182838227,4872.06346294487,-0.0011629395286583246,-0.11622635765405374,4873.349292764788,0.0005423557821265098,0.054250288361629206,4881.666882419222,0.0005423557821265098,0.054250288361629206,4881.666882419222,-0.0018734116854500287,-0.18716579451086068,4869.888143452657,-0.0006667949369946358,-0.06665726786536254,4875.767778569396,0.0005423557821265098,0.054250288361629206,4881.666882419222,0.0,0.0,4879.02
2026-02-17,2026-02-17,2026-02-18,4976.54,4996.34,0.003970773942054662,0.39786679098330324,-0.0016997296529625467,-0.1698285930611046,4968.088412134877,-0.0014940798609734973,-0.1492964279316544,4969.11020354541,0.0005423557821265098,0.054250288361629206,4979.239787300432,0.0005423557821265098,0.054250288361629206,4979.239787300432,-0.00222730314774207,-0.222482454862481,4965.468071640787,-0.0008569022458294064,-0.08565352099453963,4972.277418266298,0.0005423557821265098,0.054250288361629206,4979.239787300432,0.0,0.0,4976.54
2026-02-18,2026-02-18,2026-02-19,4996.34,5099.3,0.020397631016715777,2.060708438577042,-0.0008255760486640972,-0.08252353545207915,4992.216843588793,-0.0006994256957528447,-0.06991811546170126,4992.846653229941,0.0005423557821265098,0.054250288361629206,4999.050528857528,0.0005423557821265098,0.054250288361629206,4999.050528857528,-0.001666571028817081,-0.16651830704708293,4988.020179217684,-0.000415803036410858,-0.041571660230858294,4994.262938511222,0.0005423557821265098,0.054250288361629206,4999.050528857528,0.0,0.0,4996.34
2026-02-19,2026-02-19,2026-02-22,5099.3,5227.88,0.02490256676230801,2.521522561920264,-0.0017701077269981459,-0.17685420102809002,5090.281673726975,-0.0015827941860753752,-0.158154222797542,5091.235241716885,0.0005423557821265098,0.054250288361629206,5102.066384954425,0.0005423557821265098,0.054250288361629206,5102.066384954425,-0.002269424191675233,-0.22668509955202953,5087.740646718544,-0.0008966815709190232,-0.08962796721332643,5094.729601067891,0.0005423557821265098,0.054250288361629206,5102.066384954425,0.0,0.0,5099.3
2026-02-22,2026-02-22,2026-02-23,5227.88,5141.860000000001,-0.016590960457283883,-1.6454088464157408,-0.0021185209257462995,-0.2116278444150814,5216.816350247393,-0.001818628367343537,-0.18169756648100066,5218.381069261453,0.0005423557821265098,0.054250288361629206,5230.7161399752,0.0005423557821265098,0.054250288361629206,5230.7161399752,-0.0029739052526525545,-0.29694875767615975,5212.3558752871995,-0.0011534500766005574,-0.11527851087545966,5221.853377785644,0.0005423557821265098,0.054250288361629206,5230.7161399752,0.0,0.0,5227.88
2026-02-23,2026-02-23,2026-02-24,5141.860000000001,5164.31,0.004356620453315009,0.4366124320771103,-0.0007781946761943189,-0.07778919612461026,5137.860188440148,-0.0006920106689534827,-0.0691771284792492,5138.303008901577,0.0005423557821265098,0.054250288361629206,5144.649473877153,0.0005423557821265098,0.054250288361629206,5144.649473877153,-0.0012329300787636858,-0.12321703327441104,5135.524352652877,-0.0003176819215471894,-0.03176314659886315,5140.2267834702925,0.0005423557821265098,0.054250288361629206,5144.649473877153,0.0,0.0,5141.860000000001
2026-02-24,2026-02-24,2026-02-25,5164.31,5184.33,0.0038691122649919473,0.38766069426505734,-0.0011635357104203016,-0.11628590652046579,5158.304635300973,-0.0010579399471714588,-0.10573805260009406,5158.849359175769,0.0005423557821265098,0.054250288361629206,5167.111653066889,0.0005423557821265098,0.054250288361629206,5167.111653066889,-0.0015895296024129016,-0.15882669693205936,5156.107697007668,-0.0005372510611184175,-0.053710676760885166,5161.53621414897,0.0005423557821265098,0.054250288361629206,5167.111653066889,0.0,0.0,5164.31
2026-02-25,2026-02-25,2026-02-26,5184.33,5274.639999999999,0.01726981615640366,1.741980159442003,-0.00015168438709565395,-0.015167288360065053,5183.543677719363,-0.00014903497030770456,-0.014902386514820983,5183.557411105196,0.0005423557821265098,0.054250288361629206,5187.142513974619,0.0005423557821265098,0.054250288361629206,5187.142513974619,-0.0005819702907547905,-0.05818009788915475,5181.3137517311025,4.340277015494288e-05,0.004340371206879861,5184.55501916659,0.0005423557821265098,0.054250288361629206,5187.142513974619,0.0,0.0,5184.33
2026-02-26,2026-02-26,2026-03-01,5274.639999999999,5322.84,0.009096564913288937,0.9138064398708012,-0.0002811432872263333,-0.028110377015576355,5273.157278809785,-0.00026280300158759283,-0.02627684719036722,5273.253990907358,0.0005423557821265098,0.054250288361629206,5277.501507410037,0.0005423557821265098,0.054250288361629206,5277.501507410037,-0.0006847253579783187,-0.06844909870666771,5271.029556459978,-2.5121718251423194e-05,-0.0025121402703701615,5274.507493644443,0.0005423557821265098,0.054250288361629206,5277.501507410037,0.0,0.0,5274.639999999999
2026-03-01,2026-03-01,2026-03-02,5322.84,5088.25,-0.04507303545017531,-4.407233732368443,-0.0005504881253037784,-0.05503366345149634,5319.910646148339,-0.0004257007204591703,-0.04256101227637613,5320.574545414148,0.0005423557821265098,0.054250288361629206,5325.727656049028,0.0005423557821265098,0.054250288361629206,5325.727656049028,-0.000924093824726756,-0.09236669815194888,5317.923468444089,-0.000158297618242643,-0.015828508983575344,5321.9974737924185,0.0005423557821265098,0.054250288361629206,5325.727656049028,0.0,0.0,5322.84
2026-03-02,2026-03-02,2026-03-03,5088.25,5140.53,0.010222226940925594,1.0274652385397598,4.882831794575317e-05,0.0048829510067472884,5088.498456754602,5.0184131448749014e-05,0.005018539069333826,5088.505355814195,0.0005423557821265098,0.054250288361629206,5091.010390297561,0.0005423557821265098,0.054250288361629206,5091.010390297561,0.00028499444796398904,0.02850350627399111,5089.700329657986,0.0002966716817794782,0.02967156931750671,5089.759763625798,0.0005423557821265098,0.054250288361629206,5091.010390297561,0.0,0.0,5088.25
2026-03-03,2026-03-03,2026-03-04,5140.53,5083.91,-0.011075536417643075,-1.1014428473328561,-0.0002068350847117226,-0.020681369581027256,5139.466867992276,-0.00020017964253046924,-0.020015960792268993,5139.501073530685,0.0005423557821265098,0.054250288361629206,5143.318752348316,0.0005423557821265098,0.054250288361629206,5143.318752348316,-0.00034001746361973133,-0.03399596642330674,5138.78242714722,7.12469117150662e-05,0.007124944983655808,5140.896259934368,0.0005423557821265098,0.054250288361629206,5143.318752348316,0.0,0.0,5140.53
2026-03-04,2026-03-04,2026-03-05,5083.91,5170.48,0.01688487696341475,1.7028232207100484,0.00011190049005096396,0.01119067511443384,5084.47892385121,6.865725490696637e-05,0.006865961187023262,5084.259059287383,0.0005423557821265098,0.054250288361629206,5086.668035835046,0.0005423557821265098,0.054250288361629206,5086.668035835046,0.0003490838756896366,0.034914481255625615,5085.685020804003,0.00032559905732378183,0.03256520704503654,5085.565585817483,0.0005423557821265098,0.054250288361629206,5086.668035835046,0.0,0.0,5083.91
2026-03-05,2026-03-05,2026-03-07,5170.48,5172.21,0.00033453579603262925,0.0334591759372449,0.0002286160771084872,0.022864221175540565,5171.662189983037,0.00019792926723480949,0.019794885652463352,5171.5034906036835,0.0005423557821265098,0.054250288361629206,5173.28500030968,0.0005423557821265098,0.054250288361629206,5173.28500030968,-4.081775576456673e-05,-0.004081692273130813,5170.268956917356,0.0002954259915593442,0.0295469634115198,5172.0077198338,0.0005423557821265098,0.054250288361629206,5173.28500030968,0.0,0.0,5170.48
2026-03-07,2026-03-07,2026-03-08,5172.21,5139.02,-0.006437663523317026,-0.6416986162588011,-0.00028871568020063,-0.028867400583941015,5170.716917420257,-0.00017522820661705445,-0.01752128550515462,5171.303762318974,0.0005423557821265098,0.054250288361629206,5175.01593883967,0.0005423557821265098,0.054250288361629206,5175.01593883967,-0.0005443217633679319,-0.05441736471524061,5169.395419620462,1.8939873221042088e-05,0.0018940052581573256,5172.307961929363,0.0005423557821265098,0.054250288361629206,5175.01593883967,0.0,0.0,5172.21
2026-03-08,2026-03-08,2026-03-09,5139.02,5191.04,0.01007166264952388,1.0122552548929464,-0.0003203698508709329,-0.032031853793011204,5137.373876627206,-0.00021457782990954232,-0.021455480973356724,5137.917398541684,0.0005423557821265098,0.054250288361629206,5141.807933168962,0.0005423557821265098,0.054250288361629206,5141.807933168962,-0.0005561821320243136,-0.05560274914130991,5136.162563601079,2.5842283081541206e-06,0.00025842316472749713,5139.033280418121,0.0005423557821265098,0.054250288361629206,5141.807933168962,0.0,0.0,5139.02
2026-03-09,2026-03-09,2026-03-10,5191.04,5176.6900000000005,-0.002768206572437795,-0.2764378621624819,-0.0015426981555623053,-0.15415088084425385,5183.037966115023,-0.001459205039095281,-0.1458140917075891,5183.470732173822,0.0005423557821265098,0.054250288361629206,5193.856154168968,0.0005423557821265098,0.054250288361629206,5193.856154168968,-0.0007828544975511505,-0.07825481469168548,5186.977761267429,-0.0005282132938626372,-0.05280738137802228,5188.298747709715,0.0005423557821265098,0.054250288361629206,5193.856154168968,0.0,0.0,5191.04
2026-03-10,2026-03-10,2026-03-11,5176.6900000000005,5078.96,-0.01905933966531105,-1.8878858884731398,0.0009158024522502519,0.09162219273583634,5181.432996889138,0.0008391734311909381,0.08395256357280864,5181.035963963218,0.0005423557821265098,0.054250288361629206,5179.498369252588,0.0005423557821265098,0.054250288361629206,5179.498369252588,0.0006601809616936438,0.06603989291080753,5180.108680532325,0.0006978647902435091,0.06981083545312582,5180.303890537819,0.0005423557821265098,0.054250288361629206,5179.498369252588,0.0,0.0,5176.6900000000005
2026-03-11,2026-03-11,2026-03-12,5078.96,5025.28,-0.010625342436244117,-1.0569092885157616,0.0006454580037281894,0.06456663565707366,5082.239313598369,0.0005969231304690137,0.05971013245351476,5081.992653743261,0.0005423557821265098,0.054250288361629206,5081.715350445772,0.0005423557821265098,0.054250288361629206,5081.715350445772,0.0006783790696747142,0.0678609220796093,5082.406629088054,0.0006007432069230362,0.06009236892627386,5082.012067380818,0.0005423557821265098,0.054250288361629206,5081.715350445772,0.0,0.0,5078.96
2026-03-12,2026-03-12,2026-03-15,5025.28,5005.13,-0.004017787329956244,-0.400972682119194,0.0003586597102148504,0.03587240362988778,5027.082688725131,0.0003410604096263611,0.03411185773405819,5026.994216364337,0.0005423557821265098,0.054250288361629206,5028.006228890979,0.0005423557821265098,0.054250288361629206,5028.006228890979,0.00047616321687026923,0.04762766005704877,5027.673423275315,0.0004533047104284211,0.04534074685349941,5027.558499483479,0.0005423557821265098,0.054250288361629206,5028.006228890979,0.0,0.0,5025.28
2026-03-15,2026-03-15,2026-03-16,5005.13,5006.360000000001,0.00024571767163308406,0.024574786269293547,-3.4644773537855205e-05,-0.003464417341461886,5004.9566014083175,4.866223144825877e-05,0.004866341547384924,5005.373566720691,0.0005423557821265098,0.054250288361629206,5007.845297457875,0.0005423557821265098,0.054250288361629206,5007.845297457875,-0.00020428104451023762,-0.0204260180558392,5004.107651242482,0.0001814225842679677,0.018143904234028254,5006.038125993989,0.0005423557821265098,0.054250288361629206,5007.845297457875,0.0,0.0,5005.13
2026-03-16,2026-03-16,2026-03-17,5006.360000000001,4818.889999999999,-0.03816549304231356,-3.744636821962488,0.00037727558362230396,0.03773467610061843,5008.249133730432,0.0003454455325306877,0.034550520570974026,5008.089723441658,0.0005423557821265098,0.054250288361629206,5009.075964736422,0.0005423557821265098,0.054250288361629206,5009.075964736422,0.0005066954345371816,0.050682382635313855,5008.897342531302,0.00046397256641057035,0.04640802183302965,5008.68335264184,0.0005423557821265098,0.054250288361629206,5009.075964736422,0.0,0.0,5006.360000000001
2026-03-17,2026-03-17,2026-03-18,4818.889999999999,4649.78,-0.03572370443309026,-3.5093143856780196,0.0009274511688064004,0.09278813846327709,4823.361358325592,0.0008842564804707308,0.08846475504925973,4823.153019234593,0.0005423557821265098,0.054250288361629206,4821.504261720829,0.0005423557821265098,0.054250288361629206,4821.504261720829,0.0012221509964319118,0.12228981272988614,4824.7830115566585,0.0008222534081015953,0.08225915511085582,4822.8539781997215,0.0005423557821265098,0.054250288361629206,4821.504261720829,0.0,0.0,4818.889999999999
2026-03-18,2026-03-18,2026-03-19,4649.78,4503.33,-0.03200278354079429,-3.149611379463113,0.00011628012353366107,0.011628688432927173,4650.320708429016,0.0001458198210248829,0.014583045325177495,4650.458079524921,0.0005423557821265098,0.054250288361629206,4652.302519058181,0.0005423557821265098,0.054250288361629206,4652.302519058181,0.0007037796280441508,0.07040273390344837,4653.053572240495,0.0004131257725752971,0.041321112078005644,4651.70134080518,0.0005423557821265098,0.054250288361629206,4652.302519058181,0.0,0.0,4649.78
2026-03-19,2026-03-19,2026-03-21,4503.33,4500.5,-0.0006286213962708984,-0.06284238552359823,0.0005112624418154804,0.051139315873362026,4505.63297215352,0.0005110554451443403,0.05111860562272334,4505.63203950259,0.0005423557821265098,0.054250288361629206,4505.773069510876,0.0005423557821265098,0.054250288361629206,4505.773069510876,0.000957402638371457,0.09578610945748231,4507.643564603031,0.0006137036046126515,0.06138919591991343,4506.09455807662,0.0005423557821265098,0.054250288361629206,4505.773069510876,0.0,0.0,4503.33
2026-03-21,2026-03-21,2026-03-22,4500.5,4407.51,-0.020878597567790546,-2.0662148650149925,-1.3733829004615211e-05,-0.0013733734696017386,4500.438191327001,9.512958010239879e-05,0.009513410506438879,4500.928151039842,0.0005423557821265098,0.054250288361629206,4502.941534227715,0.0005423557821265098,0.054250288361629206,4502.941534227715,-0.00018222951331373072,-0.01822129105244908,4499.679950796185,0.00019912649634569048,0.01991463233424689,4501.396258028202,0.0005423557821265098,0.054250288361629206,4502.941534227715,0.0,0.0,4500.5
2026-03-22,2026-03-22,2026-03-23,4407.51,4473.98,0.014968488638047124,1.5081077524497832,0.00022714128513900468,0.022716708367397913,4408.511241192964,0.00032237552245064586,0.032242749102369885,4408.931102390961,0.0005423557821265098,0.054250288361629206,4409.901086884568,0.0005423557821265098,0.054250288361629206,4409.901086884568,0.00022498467473967363,0.022500998568976388,4408.5017337620275,0.0003732147110488968,0.037328436432410794,4409.155254568602,0.0005423557821265098,0.054250288361629206,4409.901086884568,0.0,0.0,4407.51
2026-03-23,2026-03-23,2026-03-24,4473.98,4506.360000000001,0.007211339508845789,0.7237403832829115,0.0007458563979801546,0.07461346180297938,4477.318191358372,0.0006990901904442499,0.0699334610945444,4477.108809062677,0.0005423557821265098,0.054250288361629206,4476.407147051242,0.0005423557821265098,0.054250288361629206,4476.407147051242,0.0004329214881898038,0.04330152122218333,4475.917301399176,0.0005911268631138416,0.059130161302941575,4476.625471590661,0.0005423557821265098,0.054250288361629206,4476.407147051242,0.0,0.0,4473.98
2026-03-24,2026-03-24,2026-03-25,4506.360000000001,4381.17,-0.028173920289152412,-2.778073655899671,0.0016331241366521476,0.16344584101208795,4513.725458001033,0.0014717194708058247,0.14728029813822066,4512.996980443182,0.0005423557821265098,0.054250288361629206,4508.804713294614,0.0005423557821265098,0.054250288361629206,4508.804713294614,0.0012029410418250635,0.12036648656101326,4511.784147203792,0.0010726220868361208,0.10731975516403991,4511.196214518811,0.0005423557821265098,0.054250288361629206,4508.804713294614,0.0,0.0,4506.360000000001
2026-03-25,2026-03-25,2026-03-26,4381.17,4505.889999999999,0.028069617811873743,2.8467281570904386,0.0012703399530179845,0.12711471765960342,4386.739111875688,0.0011322290485264058,0.11328702618128372,4386.133297204946,0.0005423557821265098,0.054250288361629206,4383.546797358614,0.0005423557821265098,0.054250288361629206,4383.546797358614,0.001342474379809952,0.13433759019184832,4387.055558200209,0.0009626430731010351,0.09631065626572018,4385.389533579117,0.0005423557821265098,0.054250288361629206,4383.546797358614,0.0,0.0,4381.17
2026-03-26,2026-03-26,2026-03-28,4505.889999999999,4494.415,-0.0025499149679038308,-0.25466666962574713,-0.00038965365598455173,-0.03895777508579641,4504.134605508186,-0.0004022569852618836,-0.0402176090767943,4504.0778387743685,0.0005423557821265098,0.054250288361629206,4508.334458318258,0.0005423557821265098,0.054250288361629206,4508.334458318258,-0.0002776948741735057,-0.02776563205207344,4504.638911161928,8.105204688761168e-06,0.0008105237536021437,4505.926521308761,0.0005423557821265098,0.054250288361629206,4508.334458318258,0.0,0.0,4505.889999999999
2026-03-28,2026-03-28,2026-03-29,4494.415,4511.59,0.0038141264236897054,0.3821409460408097,-0.00028032903861070736,-0.0280289750097086,4493.155261542817,-0.00018451006714363585,-0.018449304620805792,4493.585811685727,0.0005423557821265098,0.054250288361629206,4496.853233097669,0.0005423557821265098,0.054250288361629206,4496.853233097669,-0.000527079401038571,-0.052694051909274744,4492.046710626882,2.2229603667295225e-05,0.0022229850746765646,4494.514910174645,0.0005423557821265098,0.054250288361629206,4496.853233097669,0.0,0.0,4494.415
2026-03-29,2026-03-29,2026-03-30,4511.59,4669.23,0.03434453458664375,3.4941118319705256,-0.00032281929467504415,-0.032276719413304115,4510.133806754621,-0.0002202147843011976,-0.022019053880535672,4510.596590567031,0.0005423557821265098,0.054250288361629206,4514.037550584695,0.0005423557821265098,0.054250288361629206,4514.037550584695,-0.0006105517162328876,-0.06103653674609072,4508.836281711817,-9.96095613530743e-06,-0.0009960906525148588,4511.545060473731,0.0005423557821265098,0.054250288361629206,4514.037550584695,0.0,0.0,4511.59
2026-03-30,2026-03-30,2026-03-31,4669.23,4758.63,0.01896563583129946,1.914662588906535,-0.0002740269117022094,-0.027398936975728694,4667.9506806150475,-0.0003347757130456301,-0.03347196819094031,4667.667116819637,0.0005423557821265098,0.054250288361629206,4671.763070739267,0.0005423557821265098,0.054250288361629206,4671.763070739267,-0.0003288705947504371,-0.03288165227441181,4667.694680027507,3.378113568430809e-05,0.0033781706273297183,4669.3877345563815,0.0005423557821265098,0.054250288361629206,4671.763070739267,0.0,0.0,4669.23
2026-03-31,2026-03-31,2026-04-01,4758.63,4676.78,-0.017349972753182476,-1.7200328666023723,-0.000912250379649123,-0.09118344057719291,4754.290917441662,-0.0009249038759425348,-0.09244762841899179,4754.2307594197655,0.0005423557821265098,0.054250288361629206,4761.211570497064,0.0005423557821265098,0.054250288361629206,4761.211570497064,-0.0005454050079922134,-0.05452563017171196,4756.03532700496,-0.00025137373495919235,-0.025134214322904455,4757.433955736966,0.0005423557821265098,0.054250288361629206,4761.211570497064,0.0,0.0,4758.63
2026-04-01,2026-04-01,2026-04-02,4676.78,4672.93,-0.0008235550017278589,-0.08232159733833068,0.00047132051909920287,0.047143160806721596,4678.984781915976,0.0003988097445023405,0.039888927968127895,4678.645517405428,0.0005423557821265098,0.054250288361629206,4679.317166636039,0.0005423557821265098,0.054250288361629206,4679.317166636039,0.0004896798186853662,0.048979973141993004,4679.07068558791,0.000489513835436616,0.04896336668864112,4679.069908940621,0.0005423557821265098,0.054250288361629206,4679.317166636039,0.0,0.0,4676.78
2026-04-02,2026-04-02,2026-04-05,4672.93,4649.53,-0.00502014471364709,-0.5007564846894909,0.0005469378657779529,0.05470874635647853,4675.4865014211155,0.00048655706817704174,0.04866754562674138,4675.204200339856,0.0005423557821265098,0.054250288361629206,4675.465077999937,0.0005423557821265098,0.054250288361629206,4675.465077999937,0.00021408088018318852,0.02141037971301494,4673.930492056724,0.00046612098731157824,0.04662296385798741,4675.108658465009,0.0005423557821265098,0.054250288361629206,4675.465077999937,0.0,0.0,4672.93
2026-04-05,2026-04-05,2026-04-06,4649.53,4706.6900000000005,0.012218761669781752,1.229371570889981,-0.00047177510333293294,-0.04716638349574415,4647.33698484945,-0.00035548377136919245,-0.03554205944996781,4647.877461283256,0.0005423557821265098,0.054250288361629206,4652.05238343246,0.0005423557821265098,0.054250288361629206,4652.05238343246,-0.0007563808254907576,-0.07560948416229553,4646.014514351028,-9.522639832562308e-05,-0.00952218644360705,4649.087263084648,0.0005423557821265098,0.054250288361629206,4652.05238343246,0.0,0.0,4649.53
2026-04-06,2026-04-06,2026-04-07,4706.6900000000005,4720.9400000000005,0.0030230314198216963,0.30276053872253517,-0.001070155832600675,-0.10695834200560664,4701.655802412657,-0.0010302376728622792,-0.10297071602313264,4701.843487606011,0.0005423557821265098,0.054250288361629206,4709.243392897289,0.0005423557821265098,0.054250288361629206,4709.243392897289,-0.0005532336682357061,-0.05530806627071087,4704.086820775644,-0.00030469261350485414,-0.03046461994246208,4705.256124779631,0.0005423557821265098,0.054250288361629206,4709.243392897289,0.0,0.0,4706.6900000000005
2026-04-07,2026-04-07,2026-04-08,4720.9400000000005,4766.3,0.009562390250495196,0.9608255982918479,7.349297401710599e-05,0.007349567469188073,4721.286968670481,4.96637542458739e-05,0.0049664987510532905,4721.174465426138,0.0005423557821265098,0.054250288361629206,4723.50112356338,0.0005423557821265098,0.054250288361629206,4723.50112356338,0.00017635082684982714,0.01763663775710065,4721.77261508653,0.0002795203418850227,0.027955941133593714,4722.2597832073525,0.0005423557821265098,0.054250288361629206,4723.50112356338,0.0,0.0,4720.9400000000005
2026-04-08,2026-04-08,2026-04-09,4766.3,4751.23,-0.003166790668209574,-0.31617816755136197,0.00012332848811897593,0.012333609338961242,4766.887856821923,9.086321426436542e-05,0.009086734245125114,4766.733101014326,0.0005423557821265098,0.054250288361629206,4768.885731494181,0.0005423557821265098,0.054250288361629206,4768.885731494181,9.642449756293027e-05,0.009642914655421974,4766.759610241222,0.0002813158884970665,0.028135546152238015,4767.641024536255,0.0005423557821265098,0.054250288361629206,4768.885731494181,0.0,0.0,4766.3
2026-04-09,2026-04-09,2026-04-12,4751.23,4742.41,-0.0018580865795578487,-0.1856361405362383,0.0014962093339023574,0.14973292135429297,4758.344155479262,0.0013946954103259057,0.13956684502819036,4757.861141811032,0.0005423557821265098,0.054250288361629206,4753.807555975724,0.0005423557821265098,0.054250288361629206,4753.807555975724,0.000754283937591962,0.07545684812589587,4754.815128405211,0.0009401897348262458,0.09406318517420542,4755.6991582729515,0.0005423557821265098,0.054250288361629206,4753.807555975724,0.0,0.0,4751.23
2026-04-12,2026-04-12,2026-04-13,4742.41,4841.18,0.020613047352309673,2.0826963505896856,-0.00035016789211348874,-0.035010659049265036,4740.749651004182,-0.00024618055802386033,-0.02461502580767562,4741.242654554594,0.0005423557821265098,0.054250288361629206,4744.982771100291,0.0005423557821265098,0.054250288361629206,4744.982771100291,-0.000618155771033918,-0.061796475211712956,4739.479357779912,-2.19764283999562e-05,-0.0021976186920022547,4742.3057799113885,0.0005423557821265098,0.054250288361629206,4744.982771100291,0.0,0.0,4742.41
2026-04-13,2026-04-13,2026-04-14,4841.18,4791.139999999999,-0.010390113735694722,-1.0336322962583688,0.00020581348911076453,0.02058346701600048,4842.176482688486,0.0001924880907285533,0.019250661774981404,4842.111959187718,0.0005423557821265098,0.054250288361629206,4843.806354110106,0.0005423557821265098,0.054250288361629206,4843.806354110106,-7.149089752786706e-05,-0.007148834211454902,4840.833912067922,0.00028370017730480925,0.028374042400601943,4842.553638465889,0.0005423557821265098,0.054250288361629206,4843.806354110106,0.0,0.0,4841.18
2026-04-14,2026-04-14,2026-04-15,4791.139999999999,4790.25,-0.00018577680327370118,-0.018575954783195403,-6.855754244620982e-05,-0.006855519243160074,4790.811542475332,-7.234780638338688e-05,-0.007234518934395538,4790.793384069526,0.0005423557821265098,0.054250288361629206,4793.7392072658095,0.0005423557821265098,0.054250288361629206,4793.7392072658095,0.000352079523423482,0.03521415106934918,4792.827159277544,0.00026300540853784864,0.0263039997492603,4792.400261453586,0.0005423557821265098,0.054250288361629206,4793.7392072658095,0.0,0.0,4791.139999999999
2026-04-15,2026-04-15,2026-04-16,4790.25,4835.81,0.009466041184734313,0.9510985856688194,0.0008043734842084118,0.08046970793174195,4794.1047001842,0.0007443993538859364,0.0744676487846817,4793.817186545908,0.0005423557821265098,0.054250288361629206,4792.848724438243,0.0005423557821265098,0.054250288361629206,4792.848724438243,0.0007010369502458897,0.07012827340798557,4793.609319616926,0.00066555401957245,0.06657755497929849,4793.439231327396,0.0005423557821265098,0.054250288361629206,4792.848724438243,0.0,0.0,4790.25
2026-04-16,2026-04-16,2026-04-19,4835.81,4820.67,-0.0031357207607004773,-0.31308095231202815,0.00039630146668849536,0.03963800044892843,4837.726818389509,0.0003615994119541717,0.036166479690234996,4837.558942241509,0.0005423557821265098,0.054250288361629206,4838.433440869621,0.0005423557821265098,0.054250288361629206,4838.433440869621,0.00037957828628617504,0.03796503352396695,4837.645916887655,0.0004452796110315347,0.044537876271372956,4837.963767074519,0.0005423557821265098,0.054250288361629206,4838.433440869621,0.0,0.0,4835.81
2026-04-19,2026-04-19,2026-04-20,4820.67,4720.25,-0.02105115825520046,-2.0831129282859018,9.81078137546451e-06,0.0009810829501337493,4820.717294771452,7.15643903763424e-05,0.007156695116841416,4821.015000654489,0.0005423557821265098,0.054250288361629206,4823.285227375963,0.0005423557821265098,0.054250288361629206,4823.285227375963,-0.0001598774274834911,-0.015986464776865345,4819.8993452884415,0.00020360438624019686,0.020362511502004462,4821.651609483224,0.0005423557821265098,0.054250288361629206,4823.285227375963,0.0,0.0,4820.67
2026-04-20,2026-04-20,2026-04-21,4720.25,4738.35,0.003827209543348217,0.3834542661935281,0.00106063479308299,0.10611974650773869,4725.259117334532,0.0009988220744768996,0.09993210633650074,4724.967045249348,0.0005423557821265098,0.054250288361629206,4722.81074923639,0.0005423557821265098,0.054250288361629206,4722.81074923639,0.0010724072171766172,0.10729824514064121,4725.314745416251,0.0008407961528251954,0.08411497209964741,4724.220436970534,0.0005423557821265098,0.054250288361629206,4722.81074923639,0.0,0.0,4720.25
2026-04-21,2026-04-21,2026-04-22,4738.35,4692.889999999999,-0.009640376466987191,-0.9594057002965337,0.0002873819166575074,0.028742321479653627,4739.711911789831,0.0002680640060828866,0.026809993844921817,4739.620351343351,0.0005423557821265098,0.054250288361629206,4740.920568538584,0.0005423557821265098,0.054250288361629206,4740.920568538584,0.0003823181048034973,0.03823911976847414,4740.16190333155,0.00040602624007173943,0.04061086798827509,4740.274285063323,0.0005423557821265098,0.054250288361629206,4740.920568538584,0.0,0.0,4738.35
2026-04-22,2026-04-22,2026-04-23,4692.889999999999,4707.860000000001,0.0031848549645011742,0.3189932003520468,0.0002303335743384063,0.02303601031529265,4693.971054624485,0.0002052379497072524,0.020525901245618622,4693.8532579669645,0.0005423557821265098,0.054250288361629206,4695.435906357494,0.0005423557821265098,0.054250288361629206,4695.435906357494,0.0006785542768291357,0.0678784546863064,4696.075461212127,0.00044213189211770595,0.044222964682901406,4694.965335087307,0.0005423557821265098,0.054250288361629206,4695.435906357494,0.0,0.0,4692.889999999999
2026-04-23,2026-04-23,2026-04-26,4707.860000000001,4682.42,-0.005418382037758507,-0.5403729082853025,0.00019685770599466522,0.01968770837444022,4708.786869747478,0.0001903234836394823,0.01903415963027648,4708.75610158757,0.0005423557821265098,0.054250288361629206,4710.414027625663,0.0005423557821265098,0.054250288361629206,4710.414027625663,0.0004641410518504577,0.04642487819751439,4710.045618270709,0.0003894276180136345,0.03895034547924629,4709.69372773468,0.0005423557821265098,0.054250288361629206,4710.414027625663,0.0,0.0,4707.860000000001
2026-04-26,2026-04-26,2026-04-27,4682.42,4596.05,-0.018617831347035724,-1.8445590100845233,0.0002806840305338319,0.028072342598213514,4683.734464984287,0.00032700037855859515,0.032705384901051106,4683.951403483684,0.0005423557821265098,0.054250288361629206,4684.960226352303,0.0005423557821265098,0.054250288361629206,4684.960226352303,0.00019852327287614275,0.019854297992516052,4683.349661620061,0.00037930013512084805,0.03793720785128579,4684.19637940787,0.0005423557821265098,0.054250288361629206,4684.960226352303,0.0,0.0,4682.42
2026-04-27,2026-04-27,2026-04-28,4596.05,4544.7,-0.01123552010232194,-1.1172637373396799,0.0007765573279245263,0.07768589266308124,4599.620482469742,0.0007307258674808957,0.07309929126692465,4599.409679976274,0.0005423557821265098,0.054250288361629206,4598.5433703782455,0.0005423557821265098,0.054250288361629206,4598.5433703782455,0.0011919176617071962,0.11926282778672796,4601.531379196493,0.0007562969170320858,0.07565829816574947,4599.527293212847,0.0005423557821265098,0.054250288361629206,4598.5433703782455,0.0,0.0,4596.05
2026-04-28,2026-04-28,2026-04-29,4544.7,4622.17,0.016902572940000977,1.7046229674126052,0.0006720789693482381,0.0672304865022501,4547.755423920068,0.0006360924849880323,0.06362948347148673,4547.591769135329,0.0005423557821265098,0.054250288361629206,4547.165512855171,0.0005423557821265098,0.054250288361629206,4547.165512855171,0.001101061170844861,0.11016675612330468,4549.706748565535,0.0006988420892580017,0.06990863362842481,4547.877137672512,0.0005423557821265098,0.054250288361629206,4547.165512855171,0.0,0.0,4544.7
2026-04-29,2026-04-29,2026-04-30,4622.17,4613.74,-0.0018254838648286724,-0.18238186825668692,0.0001662025794607145,0.016621639187463316,4622.93828042003,0.00015722067159252933,0.015723303141004844,4622.896757800793,0.0005423557821265098,0.054250288361629206,4624.677540553565,0.0005423557821265098,0.054250288361629206,4624.677540553565,0.0004707539498247807,0.04708647718547057,4624.346417022524,0.0003782209377646042,0.03782924723218242,4623.918532116792,0.0005423557821265098,0.054250288361629206,4624.677540553565,0.0,0.0,4622.17
2026-04-30,2026-04-30,2026-05-02,4613.74,4613.735000000001,-1.0837200858090567e-06,-0.00010837194985846565,1.0775092153544321e-05,0.0010775150205058284,4613.789713741507,-6.660688258927627e-08,-6.660688037103792e-06,4613.7396926931715,0.0005423557821265098,0.054250288361629206,4616.242967254256,0.0005423557821265098,0.054250288361629206,4616.242967254256,0.0006866123151708963,0.06868480873648448,4616.908938494598,0.0003602134315159135,0.03602783161645759,4615.40223047842,0.0005423557821265098,0.054250288361629206,4616.242967254256,0.0,0.0,4613.74
2026-05-02,2026-05-02,2026-05-03,4613.735000000001,4522.27,-0.020023644038252183,-1.982450227418786,0.00038267104538842594,0.038274427329335045,4615.5008806497435,0.0004090953653292756,0.04091790562503761,4615.62284373309,0.0005423557821265098,0.054250288361629206,4616.237964541742,0.0005423557821265098,0.054250288361629206,4616.237964541742,0.0002968350868425891,0.029687914673637912,4615.104721710069,0.0004352968608853242,0.04353916163122871,4615.743781538887,0.0005423557821265098,0.054250288361629206,4616.237964541742,0.0,0.0,4613.735000000001
2026-05-03,2026-05-03,2026-05-04,4522.27,4556.95,0.007639459923678598,0.7668715047973507,0.0005428784846534274,0.0543025869847521,4524.725709600436,0.0005581717208045961,0.05583275276271881,4524.794907828363,0.0005423557821265098,0.054250288361629206,4524.7233445154925,0.0005423557821265098,0.054250288361629206,4524.7233445154925,0.0005985939872158895,0.059877318034951554,4524.9778139903,0.0005569056677876277,0.05570607685398612,4524.789179201745,0.0005423557821265098,0.054250288361629206,4524.7233445154925,0.0,0.0,4522.27
2026-05-04,2026-05-04,2026-05-05,4556.95,4691.56,0.029111609662070357,2.9539494618110895,0.0004624220184896543,0.04625289520334195,4559.057721307969,0.0004322889241044775,0.04323823744267905,4558.920344861144,0.0005423557821265098,0.054250288361629206,4559.4221585154955,0.0005423557821265098,0.054250288361629206,4559.4221585154955,0.0007907582281010797,0.07910709598150276,4560.55487081033,0.0005550234754213979,0.055517752945041486,4559.479916242829,0.0005423557821265098,0.054250288361629206,4559.4221585154955,0.0,0.0,4556.95
2026-05-05,2026-05-05,2026-05-06,4691.56,4685.95,-0.0011964798052481853,-0.11957643086735192,1.3942293758435081e-05,0.0013942390952664406,4691.625411563698,1.2282803116753184e-05,0.0012282878550688233,4691.617625861693,0.0005423557821265098,0.054250288361629206,4694.10518482866,0.0005423557821265098,0.054250288361629206,4694.10518482866,0.00018260286857511854,0.018261954149374992,4692.416770536091,0.0002617285282530828,0.026176278215267593,4692.788075798237,0.0005423557821265098,0.054250288361629206,4694.10518482866,0.0,0.0,4691.56
2026-05-06,2026-05-06,2026-05-07,4685.95,4716.38,0.006472886241372223,0.6493880643199335,0.0006062929985349488,0.06064768312852777,4688.791920107561,0.000569727464006389,0.05698897895236487,4688.620475059218,0.0005423557821265098,0.054250288361629206,4688.492141387482,0.0005423557821265098,0.054250288361629206,4688.492141387482,0.000782689149063251,0.07829955301437834,4689.619077904476,0.0006087137810798053,0.060889908491053475,4688.803270666936,0.0005423557821265098,0.054250288361629206,4688.492141387482,0.0,0.0,4685.95
2026-05-07,2026-05-07,2026-05-10,4716.38,4735.71,0.0040901064098153,0.4098482310585626,0.0007916905591771046,0.07920040288660563,4720.115391961664,0.0007450337353917035,0.07453113419629456,4719.895171507007,0.0005423557821265098,0.054250288361629206,4718.938649750231,0.0005423557821265098,0.054250288361629206,4718.938649750231,0.0006883057197582523,0.0688542656498698,4719.627428814257,0.0006606258043315347,0.06608440656185759,4719.496791734203,0.0005423557821265098,0.054250288361629206,4718.938649750231,0.0,0.0,4716.38
2026-05-10,2026-05-10,2026-05-11,4735.71,4714.71,-0.004444254237363233,-0.4434393153296967,6.595292409775587e-05,0.006595509903966872,4736.022344222073,0.00010701164178348438,0.010701736773346893,4736.216803218549,0.0005423557821265098,0.054250288361629206,4738.279136330971,0.0005423557821265098,0.054250288361629206,4738.279136330971,-0.00013062265185967065,-0.01306141210925224,4735.091449400601,0.0002274997131217325,0.022752559314399637,4736.787495226708,0.0005423557821265098,0.054250288361629206,4738.279136330971,0.0,0.0,4735.71
2026-05-11,2026-05-11,2026-05-12,4714.71,4688.0,-0.0056813560866984854,-0.5665247703464327,0.0005046857510513958,0.05048131263323148,4717.09004749485,0.00046583005531686624,0.046593857098638385,4716.906765240015,0.0005423557821265098,0.054250288361629206,4717.267743770415,0.0005423557821265098,0.054250288361629206,4717.267743770415,0.0007905802149790566,0.079089280588785,4718.438830220848,0.0005698905259124975,0.05700529443703747,4717.397634317353,0.0005423557821265098,0.054250288361629206,4717.267743770415,0.0,0.0,4714.71
2026-05-12,2026-05-12,2026-05-13,4688.0,4650.47,-0.008037762514390128,-0.8005546075085301,0.00023416469436873702,0.023419211306090287,4689.0978926260295,0.00021348837061302845,0.021351116087701186,4689.000940322191,0.0005423557821265098,0.054250288361629206,4690.543253518394,0.0005423557821265098,0.054250288361629206,4690.543253518394,0.0007554619720624101,0.07557474053314944,4691.542943836194,0.00046000391113281715,0.046010972915689216,4690.1569944102885,0.0005423557821265098,0.054250288361629206,4690.543253518394,0.0,0.0,4688.0
2026-05-13,2026-05-13,2026-05-14,4650.47,4540.4400000000005,-0.023944366103586304,-2.365997415315002,0.00039832469043844256,0.03984040322522005,4652.322765999868,0.00036929608343572504,0.036936428162919574,4652.187717510788,0.0005423557821265098,0.054250288361629206,4652.992893385172,0.0005423557821265098,0.054250288361629206,4652.992893385172,0.0008615153750884947,0.08618865860529157,4654.478177711842,0.0005442870963370707,0.05444352474363815,4653.001879785146,0.0005423557821265098,0.054250288361629206,4652.992893385172,0.0,0.0,4650.47
2026-05-14,2026-05-14,2026-05-17,4540.4400000000005,4567.28,0.005893918060257582,0.5911321369734823,0.0007635083618861077,0.07637999085901702,4543.907987656959,0.000724535576388843,0.07247981156920962,4543.730902356414,0.0005423557821265098,0.054250288361629206,4542.903201792888,0.0005423557821265098,0.054250288361629206,4542.903201792888,0.0012646013917195962,0.12654013372280948,4546.185478847605,0.0007671598936397581,0.07674542360553828,4543.924579911556,0.0005423557821265098,0.054250288361629206,4542.903201792888,0.0,0.0,4540.4400000000005
2026-05-17,2026-05-17,2026-05-18,4567.28,4482.55,-0.018725760792370615,-1.8551523007128923,0.0002482865854119035,0.024831741107729816,4568.4141351452645,0.00029670551393729965,0.029674953537199324,4568.635338217914,0.0005423557821265098,0.054250288361629206,4569.757762570283,0.0005423557821265098,0.054250288361629206,4569.757762570283,0.0001021715416443932,0.010217676133412061,4567.746669878506,0.0003475612729100836,0.03476216793274048,4568.867685543559,0.0005423557821265098,0.054250288361629206,4569.757762570283,0.0,0.0,4567.28
2026-05-18,2026-05-18,2026-05-19,4482.55,4543.56,0.013518764819890117,1.361055649128296,0.0009061492109245854,0.09065598881563973,4486.613700026655,0.0008618747295886018,0.08622462503404695,4486.415061929464,0.0005423557821265098,0.054250288361629206,4484.981796300955,0.0005423557821265098,0.054250288361629206,4484.981796300955,0.0012348282716365113,0.12355909859748293,4488.088598374182,0.000816216654211339,0.08165498496717065,4486.210225528646,0.0005423557821265098,0.054250288361629206,4484.981796300955,0.0,0.0,4482.55
2026-05-19,2026-05-19,2026-05-20,4543.56,4543.02,-0.00011885659965257896,-0.011884953648677588,0.0007440559032334068,0.07443327814936848,4546.9419206526845,0.0007149968385075649,0.07152525096781648,4546.809792692873,0.0005423557821265098,0.054250288361629206,4546.024894401884,0.0005423557821265098,0.054250288361629206,4546.024894401884,0.0007448276252067553,0.07451050781829954,4546.94542962903,0.0006567470049611418,0.0656962710494141,4546.5449494928935,0.0005423557821265098,0.054250288361629206,4546.024894401884,0.0,0.0,4543.56
2026-05-20,2026-05-20,2026-05-21,4543.02,4504.78,-0.008452933905198636,-0.8417308310331162,0.0005225619988409327,0.05226985581481146,4545.394630003639,0.0005002109431877109,0.050033606954387445,4545.2930367706595,0.0005423557821265098,0.054250288361629206,4545.484601450327,0.0005423557821265098,0.054250288361629206,4545.484601450327,0.0007975501342970099,0.07978682619740045,4546.644731471513,0.0005815784000608901,0.05817475495682429,4545.66289075264,0.0005423557821265098,0.054250288361629206,4545.484601450327,0.0,0.0,4543.02
2026-05-21,2026-05-21,2026-05-24,4504.78,4572.71,0.014966971724543785,1.5079537735472215,0.0005737675670529409,0.05739322031495539,4507.365438310104,0.0005524540171020075,0.05526066479283905,4507.269371375455,0.0005423557821265098,0.054250288361629206,4507.223856140057,0.0005423557821265098,0.054250288361629206,4507.223856140057,0.0008495118838258947,0.08498728212459153,4508.608490087691,0.0006123902774714682,0.06125778266799224,4507.539528342071,0.0005423557821265098,0.054250288361629206,4507.223856140057,0.0,0.0,4504.78
2026-05-24,2026-05-24,2026-05-25,4572.71,4507.04,-0.01446540821187296,-1.4361286851779398,1.0802949879515833e-06,0.00010802955714704236,4572.714939878362,6.232729774487085e-05,0.006232924013124729,4572.99501353964,0.0005423557821265098,0.054250288361629206,4575.190708360941,0.0005423557821265098,0.054250288361629206,4575.190708360941,-0.00025940261374403644,-0.025936897179502722,4571.5239809089835,0.00018002001865508402,0.018003622323101036,4573.533253438331,0.0005423557821265098,0.054250288361629206,4575.190708360941,0.0,0.0,4572.71
2026-05-25,2026-05-25,2026-05-26,4507.04,4455.93,-0.011404825406932826,-1.1340036920018393,0.00037638375922679335,0.037645460048145195,4508.7366959425535,0.00040899728444507787,0.04090809352383467,4508.883744138357,0.0005423557821265098,0.054250288361629206,4509.485082196574,0.0005423557821265098,0.054250288361629206,4509.485082196574,0.0002709647294064646,0.027100144366477053,4508.261414346655,0.00042883200710929273,0.04289239686993414,4508.973177483887,0.0005423557821265098,0.054250288361629206,4509.485082196574,0.0,0.0,4507.04
2026-05-26,2026-05-26,2026-05-27,4455.93,4495.85,0.00891895570011037,0.8958848096805914,0.0010985397787387791,0.10991433945732806,4460.827706026182,0.0010512295047273399,0.10517822401300975,4460.6166680372635,0.0005423557821265098,0.054250288361629206,4458.347354874193,0.0005423557821265098,0.054250288361629206,4458.347354874193,0.0010489061378307683,0.10494564322593404,4460.606304400198,0.0008538277595918836,0.08541923742787381,4459.736221426319,0.0005423557821265098,0.054250288361629206,4458.347354874193,0.0,0.0,4455.93
2026-05-27,2026-05-27,2026-05-28,4495.85,4543.87,0.010624322809161557,1.0680961331005046,-0.0004900072306695347,-0.04898871967331134,4493.647540646568,-0.0004382521435407035,-0.04381561250973196,4493.880115784981,0.0005423557821265098,0.054250288361629206,4498.289011589307,0.0005423557821265098,0.054250288361629206,4498.289011589307,1.9649935736623286e-05,0.001965012879787506,4495.938344031556,4.122617689388571e-05,0.004122702670439446,4496.03535052801,0.0005423557821265098,0.054250288361629206,4498.289011589307,0.0,0.0,4495.85
2026-05-28,2026-05-28,2026-05-31,4543.87,4484.98,-0.013045035662661441,-1.2960317966843273,0.000605000162450034,0.06051832119614498,4546.619873841335,0.000584636425338024,0.05848073585225723,4546.52728861217,0.0005423557821265098,0.054250288361629206,4546.3350625777775,0.0005423557821265098,0.054250288361629206,4546.3350625777775,0.0004318269943588071,0.043192024505757556,4545.8325894439095,0.0005407121593141556,0.054085837048530254,4546.327590123897,0.0005423557821265098,0.054250288361629206,4546.3350625777775,0.0,0.0,4543.87
2026-05-31,2026-05-31,2026-06-01,4484.98,4489.82,0.0010785756717046863,0.10791575436233106,0.0003399658269902078,0.03400236219212166,4486.5049991438445,0.00037847124697673313,0.037854287625538295,4486.677757229147,0.0005423557821265098,0.054250288361629206,4487.4131145829615,0.0005423557821265098,0.054250288361629206,4487.4131145829615,0.00030962625878032705,0.03096741979380032,4486.368882584267,0.00042345924244970143,0.04235489139716744,4486.879608408184,0.0005423557821265098,0.054250288361629206,4487.4131145829615,0.0,0.0,4484.98
2026-06-01,2026-06-01,2026-06-02,4489.82,4434.72,-0.01234813225530656,-1.2272206903617409,0.0005536857469084571,0.05538390591559184,4492.306637684579,0.0005315021623168914,0.05316434346189011,4492.206983325621,0.0005423557821265098,0.054250288361629206,4492.255740296918,0.0005423557821265098,0.054250288361629206,4492.255740296918,0.000556658792335684,0.05568137555937791,4492.31999353614,0.0005453210155662443,0.05454697301024124,4492.269060903608,0.0005423557821265098,0.054250288361629206,4492.255740296918,0.0,0.0,4489.82
2026-06-02,2026-06-02,2026-06-03,4434.72,4475.33,0.009115612416288136,0.9157286142078778,0.00014431396147504804,0.014432437523573068,4435.360038193346,0.00013213263305813524,0.013214136295899206,4435.306009945141,0.0005423557821265098,0.054250288361629206,4437.125848388031,0.0005423557821265098,0.054250288361629206,4437.125848388031,0.0007025645061225709,0.07028113623726308,4437.8367716049415,0.0004156834007380321,0.04157698090552763,4436.5638226876135,0.0005423557821265098,0.054250288361629206,4437.125848388031,0.0,0.0,4434.72
2026-06-03,2026-06-03,2026-06-04,4475.33,4324.27,-0.03433675201400217,-3.375393546397688,0.00032181441529916574,0.0321866203113319,4476.770457474779,0.0003108831478681822,0.031093147704210858,4476.721520967151,0.0005423557821265098,0.054250288361629206,4477.757879430134,0.0005423557821265098,0.054250288361629206,4477.757879430134,0.0004548404213166685,0.04549438769057669,4477.366023980632,0.0004358320897524988,0.043592707835692066,4477.280917531583,0.0005423557821265098,0.054250288361629206,4477.757879430134,0.0,0.0,4475.33
2026-06-04,2026-06-04,2026-06-07,4324.27,4329.85,0.0012895593713231916,0.12903912105395324,0.000766471805055281,0.07667656196313213,4327.585701566003,0.0007382323724645448,0.07385049330493114,4327.463494726838,0.0005423557821265098,0.054250288361629206,4326.615928944536,0.0005423557821265098,0.054250288361629206,4326.615928944536,0.0011256655434058079,0.11262993426566292,4329.14042245847,0.0007424501932703344,0.07427258776381605,4327.481747230895,0.0005423557821265098,0.054250288361629206,4326.615928944536,0.0,0.0,4324.27
2026-06-07,2026-06-07,2026-06-08,4329.85,4260.77,-0.016083004260554055,-1.595436331512634,0.0002338867405901557,0.0233914094226377,4330.862812940887,0.00028551619737563253,0.028555696100458088,4331.086418807606,0.0005423557821265098,0.054250288361629206,4332.198956110627,0.0005423557821265098,0.054250288361629206,4332.198956110627,0.00010710765857625924,0.010711339480631831,4330.313784932502,0.0003435251280847512,0.034358413959868314,4331.337667786842,0.0005423557821265098,0.054250288361629206,4332.198956110627,0.0,0.0,4329.85
2026-06-08,2026-06-08,2026-06-09,4260.77,4071.76,-0.045374556706485124,-4.436052638372877,0.0016219446462440988,0.16232607098931204,4267.686340534892,0.0015192059191308654,0.15203604970497345,4267.247906395015,0.0005423557821265098,0.054250288361629206,4263.081480011427,0.0005423557821265098,0.054250288361629206,4263.081480011427,0.001383323234533288,0.13842804674555156,4266.668100687321,0.0011161289286472878,0.11167520323397583,4265.528223556833,0.0005423557821265098,0.054250288361629206,4263.081480011427,0.0,0.0,4260.77
2026-06-09,2026-06-09,2026-06-10,4071.76,4212.73,0.03403555517953722,3.4621392223510137,0.0009011777051858318,0.09015838878190748,4075.4310332110663,0.0008692420604407855,0.08696199608083047,4075.3008837716206,0.0005423557821265098,0.054250288361629206,4073.968941541394,0.0005423557821265098,0.054250288361629206,4073.968941541394,0.0012610435205970838,0.12618389703079314,4076.897905445741,0.0008219748073511263,0.08223127212223069,4075.1082600457644,0.0005423557821265098,0.054250288361629206,4073.968941541394,0.0,0.0,4071.76
2026-06-10,2026-06-10,2026-06-11,4212.73,4213.88,0.0002729448751373146,0.02729821279789934,0.00014753121807595877,0.014754210134131283,4213.351555036583,0.00017833554702326122,0.017835144975225387,4213.481346502914,0.0005423557821265098,0.054250288361629206,4215.015418172897,0.0005423557821265098,0.054250288361629206,4215.015418172897,-0.00027150985978327373,-0.027147300431691026,4211.586357530523,0.0002291790785506467,0.02292053420819817,4213.6955802207485,0.0005423557821265098,0.054250288361629206,4215.015418172897,0.0,0.0,4212.73
2026-06-11,2026-06-11,2026-06-14,4213.88,4309.68,0.02247981694996306,2.273439205672689,2.6794440332791403e-05,0.002679479930701394,4213.992910068904,2.4701387880229474e-05,0.0024701692962023052,4213.984089969938,0.0005423557821265098,0.054250288361629206,4216.1660420512135,0.0005423557821265098,0.054250288361629206,4216.1660420512135,0.00016469012979247077,0.016470369195640426,4214.574041593461,0.00026308896875747027,0.02631235796953967,4214.988771190007,0.0005423557821265098,0.054250288361629206,4216.1660420512135,0.0,0.0,4213.88
2026-06-14,2026-06-14,2026-06-15,4309.68,4331.4400000000005,0.005036394818189123,0.5049098772994755,-0.0005244824159170529,-0.05243448990575255,4307.42024127543,-0.00039981526421068423,-0.03997353487387663,4307.957268562248,0.0005423557821265098,0.054250288361629206,4312.018013827464,0.0005423557821265098,0.054250288361629206,4312.018013827464,-0.0009551315805733243,-0.09546755875945394,4305.565653713656,-0.00015434642566812244,-0.015433451487136837,4309.01486762795,0.0005423557821265098,0.054250288361629206,4312.018013827464,0.0,0.0,4309.68
2026-06-15,2026-06-15,2026-06-16,4331.4400000000005,4257.27,-0.017271940455919878,-1.712363555768981,0.0003074407782791231,0.03074880430387783,4332.7718660091405,0.00031266241790408407,0.03127113018924648,4332.794490241469,0.0005423557821265098,0.054250288361629206,4333.789818690212,0.0005423557821265098,0.054250288361629206,4333.789818690212,-9.08318581946603e-05,-0.009082773310632617,4331.046585123714,0.0003234287618037356,0.032348107052494614,4332.841138848115,0.0005423557821265098,0.054250288361629206,4333.789818690212,0.0,0.0,4331.4400000000005
2026-06-16,2026-06-16,2026-06-17,4257.27,4209.53,-0.011277107274555697,-1.1213759052162706,0.00036657157956825683,0.03666387751401419,4258.830880258241,0.0003605739822809675,0.03606389968932742,4258.805337582305,0.0005423557821265098,0.054250288361629206,4259.579581251333,0.0005423557821265098,0.054250288361629206,4259.579581251333,0.00019542902754360607,0.019544812504005752,4258.10207543929,0.00040214492670985334,0.0402225797821165,4258.98238382229,0.0005423557821265098,0.054250288361629206,4259.579581251333,0.0,0.0,4257.27
2026-06-17,2026-06-17,2026-06-18,4209.53,4161.51,-0.011473013326508144,-1.1407449287687554,0.0006798222185290504,0.06800533500265951,4212.392704978537,0.000672423788545324,0.06726499161027008,4212.361540001331,0.0005423557821265098,0.054250288361629206,4211.813682163669,0.0005423557821265098,0.054250288361629206,4211.813682163669,0.00026100949620193824,0.026104356214427235,4210.628870706152,0.000538280979347982,0.05384258785520081,4211.79651988854,0.0005423557821265098,0.054250288361629206,4211.813682163669,0.0,0.0,4209.53
2026-06-18,2026-06-18,2026-06-21,4161.51,4190.95,0.007049449364056074,0.7074355222022709,0.0011300707495464054,0.11307095200918706,4166.215458974958,0.001076642639272552,0.1077222427014967,4165.992871902247,0.0005423557821265098,0.054250288361629206,4163.767631175198,0.0005423557821265098,0.054250288361629206,4163.767631175198,0.0004491910682900133,0.04492919697053684,4163.379733024849,0.0007442012297622428,0.07444782162043881,4164.608153541518,0.0005423557821265098,0.054250288361629206,4163.767631175198,0.0,0.0,4161.51
2026-06-21,2026-06-21,2026-06-22,4190.95,4111.63,-0.01910789498525165,-1.892649637910249,-0.00027020786542234355,-0.02701713625649359,4189.817725328058,-0.00016192672271111443,-0.01619136132869487,4190.271428142395,0.0005423557821265098,0.054250288361629206,4193.223602460092,0.0005423557821265098,0.054250288361629206,4193.223602460092,-0.0005550078998513059,-0.05548539114564333,4188.624634999781,2.3039865104362516e-05,0.002304013052409294,4191.04656003502,0.0005423557821265098,0.054250288361629206,4193.223602460092,0.0,0.0,4190.95
2026-06-22,2026-06-22,2026-06-23,4111.63,3998.99,-0.02777771432322645,-2.7395461167468933,0.00023547697293662366,0.02355046998153198,4112.598308188902,0.000248017996417319,0.02480487554234689,4112.649884704262,0.0005423557821265098,0.054250288361629206,4113.860571131364,0.0005423557821265098,0.054250288361629206,4113.860571131364,0.0002585861677971754,0.025861960408225495,4112.693348122733,0.0003669639397354969,0.03670312792388346,4113.139096818657,0.0005423557821265098,0.054250288361629206,4113.860571131364,0.0,0.0,4111.63
2026-06-23,2026-06-23,2026-06-24,3998.99,4026.62,0.006885485131029618,0.6909244584257569,0.0013181060407600792,0.13189751243335796,4004.264568332459,0.0012763828093797203,0.12771977325988748,4004.0975009606855,0.0005423557821265098,0.054250288361629206,4001.159463606553,0.0005423557821265098,0.054250288361629206,4001.159463606553,0.0007066618523146318,0.07069115966261849,4001.816932405792,0.000872333013069448,0.0872713606172224,4002.479972983946,0.0005423557821265098,0.054250288361629206,4001.159463606553,0.0,0.0,3998.99
2026-06-24,2026-06-24,2026-06-25,4026.62,4070.86,0.010926964977209859,1.0986882298304799,0.0004290354379105416,0.04291274867776378,4028.3479333208084,0.00043725998969604306,0.04373556017806095,4028.381064813242,0.0005423557821265098,0.054250288361629206,4028.804452961227,0.0005423557821265098,0.054250288361629206,4028.804452961227,-0.00013702342710541978,-0.013701403982439598,4026.0682965269625,0.00036253723520062,0.03626029597663676,4028.080064329854,0.0005423557821265098,0.054250288361629206,4028.804452961227,0.0,0.0,4026.62
2026-06-25,2026-06-25,2026-06-28,4070.86,4015.86,-0.013602758120622067,-1.3510658681457954,0.0003660743013297036,0.03661413147037926,4072.350510032375,0.00035014094966985776,0.03502022561672719,4072.285624356541,0.0005423557821265098,0.054250288361629206,4073.0684532887985,0.0005423557821265098,0.054250288361629206,4073.0684532887985,-0.00012534830941438713,-0.012534045364328991,4070.349756560882,0.0003353655710696608,0.033542181238974865,4072.2254552391846,0.0005423557821265098,0.054250288361629206,4073.0684532887985,0.0,0.0,4070.86
2026-06-28,2026-06-28,2026-06-29,4015.86,4008.1,-0.0019342076529003803,-0.19323382787249657,-0.00010115693332239455,-0.010115181713232913,4015.453788463651,7.863246387384334e-08,7.863246696537561e-06,4015.860315776979,0.0005423557821265098,0.054250288361629206,4018.0386156301997,0.0005423557821265098,0.054250288361629206,4018.0386156301997,-0.00023684616820809267,-0.023681812236862217,4014.9089715751047,0.0001522366206762019,0.015224820925860074,4016.4714074936337,0.0005423557821265098,0.054250288361629206,4018.0386156301997,0.0,0.0,4015.86
2026-06-29,2026-06-29,2026-06-30,4008.1,4031.21,0.005749265460981698,0.5765824205982817,0.0003755569972836859,0.03756275276419038,4009.605552693541,0.000382687161246212,0.03827603953195187,4009.63414194048,0.0005423557821265098,0.054250288361629206,4010.2744058078224,0.0005423557821265098,0.054250288361629206,4010.2744058078224,-0.00010038181436176926,-0.01003767762760208,4007.697679843008,0.00034867072748488606,0.034873152018832856,4009.4977508060674,0.0005423557821265098,0.054250288361629206,4010.2744058078224,0.0,0.0,4008.1
