horizon,feature_selection_method,model,validation_mse,zero_forecast_mse,relative_mse_zero,validation_correlation,validation_direction_accuracy,validation_mae,validation_magnitude_mae,validation_magnitude_correlation,validation_amplitude_ratio,selected_parameters,selected_feature_count,selected_features,signal_timing,daily_data_trading_eligible,event_exclusions_applied,event_excluded_rows,event_exclusion_file,active_feature_count,active_features,feature_selection_alpha,interaction_regime_pool,huber_block_bagging_applied,within_near_best_tolerance
1,aic,Huber,8.637783854376358e-05,0.0001042166652454,0.8288294232053531,0.4371196704810124,0.6568627450980392,0.0060095810979601,0.005134354954937,0.16292006033058,0.2727090697849104,"{'alpha': 0.001, 'epsilon': 1.1, 'fit_intercept': True, 'max_iter': 5000, 'tol': 1e-05, 'warm_start': False}; block_bagging(n_estimators=50, block_size=20, random_state=42)",14,"return_1d,momentum_5d,momentum_20d,ma_gap_20d,xauusd_return_1d,xauusd_momentum_5d,usdcnh_return_1d,breakeven_inflation_10y,oil_momentum_5d,shanghai_gold_premium,premium_change_5d,shfe_gold_settle_return_1d,momentum_5d_x_volatility_20d,volatility_20d",previous_close,True,True,30,data/event_exclusions.csv,14,"return_1d,momentum_5d,momentum_20d,ma_gap_20d,xauusd_return_1d,xauusd_momentum_5d,usdcnh_return_1d,breakeven_inflation_10y,oil_momentum_5d,shanghai_gold_premium,premium_change_5d,shfe_gold_settle_return_1d,momentum_5d_x_volatility_20d,volatility_20d",0.05,interactions,True,True
1,aic,OLS,8.858688126774927e-05,0.0001042166652454,0.8500260592595119,0.4084499677868077,0.6642156862745098,0.006098340303695,0.0052570921729959,0.1298306496701896,0.2513149142340118,"{'copy_X': True, 'fit_intercept': True, 'n_jobs': None, 'positive': False, 'tol': 1e-06}",14,"return_1d,momentum_5d,momentum_20d,ma_gap_20d,xauusd_return_1d,xauusd_momentum_5d,usdcnh_return_1d,breakeven_inflation_10y,oil_momentum_5d,shanghai_gold_premium,premium_change_5d,shfe_gold_settle_return_1d,momentum_5d_x_volatility_20d,volatility_20d",previous_close,True,True,30,data/event_exclusions.csv,14,"return_1d,momentum_5d,momentum_20d,ma_gap_20d,xauusd_return_1d,xauusd_momentum_5d,usdcnh_return_1d,breakeven_inflation_10y,oil_momentum_5d,shanghai_gold_premium,premium_change_5d,shfe_gold_settle_return_1d,momentum_5d_x_volatility_20d,volatility_20d",0.05,interactions,False,False
1,aic,Ridge,8.858691058041852e-05,0.0001042166652454,0.8500263405261326,0.4084508759040846,0.6642156862745098,0.0060983400491505,0.005257097794347,0.1298305329012963,0.251312639229883,"{'alpha': 0.01, 'copy_X': True, 'fit_intercept': True, 'max_iter': None, 'positive': False, 'random_state': None, 'solver': 'auto', 'tol': 0.0001}",14,"return_1d,momentum_5d,momentum_20d,ma_gap_20d,xauusd_return_1d,xauusd_momentum_5d,usdcnh_return_1d,breakeven_inflation_10y,oil_momentum_5d,shanghai_gold_premium,premium_change_5d,shfe_gold_settle_return_1d,momentum_5d_x_volatility_20d,volatility_20d",previous_close,True,True,30,data/event_exclusions.csv,14,"return_1d,momentum_5d,momentum_20d,ma_gap_20d,xauusd_return_1d,xauusd_momentum_5d,usdcnh_return_1d,breakeven_inflation_10y,oil_momentum_5d,shanghai_gold_premium,premium_change_5d,shfe_gold_settle_return_1d,momentum_5d_x_volatility_20d,volatility_20d",0.05,interactions,False,False
1,aic,ElasticNet,8.858703620396078e-05,0.0001042166652454,0.8500275459335591,0.4084740676808198,0.6642156862745098,0.0060983029363464,0.005257171144323,0.1298368750381005,0.251272962683603,"{'alpha': 1e-06, 'copy_X': True, 'fit_intercept': True, 'l1_ratio': 0.1, 'max_iter': 50000, 'positive': False, 'precompute': False, 'random_state': None, 'selection': 'cyclic', 'tol': 0.0001, 'warm_start': False}",14,"return_1d,momentum_5d,momentum_20d,ma_gap_20d,xauusd_return_1d,xauusd_momentum_5d,usdcnh_return_1d,breakeven_inflation_10y,oil_momentum_5d,shanghai_gold_premium,premium_change_5d,shfe_gold_settle_return_1d,momentum_5d_x_volatility_20d,volatility_20d",previous_close,True,True,30,data/event_exclusions.csv,14,"return_1d,momentum_5d,momentum_20d,ma_gap_20d,xauusd_return_1d,xauusd_momentum_5d,usdcnh_return_1d,breakeven_inflation_10y,oil_momentum_5d,shanghai_gold_premium,premium_change_5d,shfe_gold_settle_return_1d,momentum_5d_x_volatility_20d,volatility_20d",0.05,interactions,False,False
1,aic,Lasso,8.85884521274066e-05,0.0001042166652454,0.8500411322773793,0.4086879711778939,0.6617647058823529,0.0060979672274059,0.0052578548788345,0.129895159463435,0.2509004895335865,"{'alpha': 1e-06, 'copy_X': True, 'fit_intercept': True, 'max_iter': 50000, 'positive': False, 'precompute': False, 'random_state': None, 'selection': 'cyclic', 'tol': 0.0001, 'warm_start': False}",14,"return_1d,momentum_5d,momentum_20d,ma_gap_20d,xauusd_return_1d,xauusd_momentum_5d,usdcnh_return_1d,breakeven_inflation_10y,oil_momentum_5d,shanghai_gold_premium,premium_change_5d,shfe_gold_settle_return_1d,momentum_5d_x_volatility_20d,volatility_20d",previous_close,True,True,30,data/event_exclusions.csv,14,"return_1d,momentum_5d,momentum_20d,ma_gap_20d,xauusd_return_1d,xauusd_momentum_5d,usdcnh_return_1d,breakeven_inflation_10y,oil_momentum_5d,shanghai_gold_premium,premium_change_5d,shfe_gold_settle_return_1d,momentum_5d_x_volatility_20d,volatility_20d",0.05,interactions,False,False
7,aic,Huber,0.0004122946016386,0.0004399888434672,0.9370569453299872,0.1875038303004459,0.5318627450980392,,,,,"{'alpha': 0.01, 'epsilon': 1.1, 'fit_intercept': True, 'max_iter': 5000, 'tol': 1e-05, 'warm_start': False}",14,"momentum_5d,momentum_20d,volatility_20d,ma_gap_20d,xauusd_momentum_5d,xauusd_volatility_20d,usdcnh_momentum_5d,real_yield_10y,nominal_yield_change_5d,sp500_volatility_20d,premium_change_5d,momentum_5d_x_volatility_20d,premium_x_usdcnh,shanghai_gold_premium",previous_close,True,True,49,data/event_exclusions.csv,14,"momentum_5d,momentum_20d,volatility_20d,ma_gap_20d,xauusd_momentum_5d,xauusd_volatility_20d,usdcnh_momentum_5d,real_yield_10y,nominal_yield_change_5d,sp500_volatility_20d,premium_change_5d,momentum_5d_x_volatility_20d,premium_x_usdcnh,shanghai_gold_premium",0.05,interactions,,False
2,aic,Huber,0.0001534840596381,0.0001637134665706,0.9375163989452304,0.3075124821746034,0.5686274509803921,,,,,"{'alpha': 0.0001, 'epsilon': 1.1, 'fit_intercept': True, 'max_iter': 5000, 'tol': 1e-05, 'warm_start': False}",13,"momentum_5d,momentum_20d,ma_gap_20d,xauusd_return_1d,xauusd_momentum_5d,usdcnh_return_1d,sp500_momentum_5d,shanghai_gold_premium,premium_change_5d,momentum_5d_x_volatility_20d,premium_x_usdcnh,volatility_20d,usdcnh_momentum_5d",previous_close,True,True,37,data/event_exclusions.csv,13,"momentum_5d,momentum_20d,ma_gap_20d,xauusd_return_1d,xauusd_momentum_5d,usdcnh_return_1d,sp500_momentum_5d,shanghai_gold_premium,premium_change_5d,momentum_5d_x_volatility_20d,premium_x_usdcnh,volatility_20d,usdcnh_momentum_5d",0.05,interactions,,False
2,aic,Ridge,0.0001536150496881,0.0001637134665706,0.9383165166922844,0.2905653653703258,0.5612745098039216,,,,,"{'alpha': 100.0, 'copy_X': True, 'fit_intercept': True, 'max_iter': None, 'positive': False, 'random_state': None, 'solver': 'auto', 'tol': 0.0001}",13,"momentum_5d,momentum_20d,ma_gap_20d,xauusd_return_1d,xauusd_momentum_5d,usdcnh_return_1d,sp500_momentum_5d,shanghai_gold_premium,premium_change_5d,momentum_5d_x_volatility_20d,premium_x_usdcnh,volatility_20d,usdcnh_momentum_5d",previous_close,True,True,37,data/event_exclusions.csv,13,"momentum_5d,momentum_20d,ma_gap_20d,xauusd_return_1d,xauusd_momentum_5d,usdcnh_return_1d,sp500_momentum_5d,shanghai_gold_premium,premium_change_5d,momentum_5d_x_volatility_20d,premium_x_usdcnh,volatility_20d,usdcnh_momentum_5d",0.05,interactions,,False
2,aic,ElasticNet,0.0001537299993398,0.0001637134665706,0.9390186559485272,0.2791575659317805,0.5588235294117647,,,,,"{'alpha': 0.0001, 'copy_X': True, 'fit_intercept': True, 'l1_ratio': 0.1, 'max_iter': 50000, 'positive': False, 'precompute': False, 'random_state': None, 'selection': 'cyclic', 'tol': 0.0001, 'warm_start': False}",13,"momentum_5d,momentum_20d,ma_gap_20d,xauusd_return_1d,xauusd_momentum_5d,usdcnh_return_1d,sp500_momentum_5d,shanghai_gold_premium,premium_change_5d,momentum_5d_x_volatility_20d,premium_x_usdcnh,volatility_20d,usdcnh_momentum_5d",previous_close,True,True,37,data/event_exclusions.csv,13,"momentum_5d,momentum_20d,ma_gap_20d,xauusd_return_1d,xauusd_momentum_5d,usdcnh_return_1d,sp500_momentum_5d,shanghai_gold_premium,premium_change_5d,momentum_5d_x_volatility_20d,premium_x_usdcnh,volatility_20d,usdcnh_momentum_5d",0.05,interactions,,False
2,aic,Lasso,0.0001537305986511,0.0001637134665706,0.9390223166821132,0.2791195774448047,0.5588235294117647,,,,,"{'alpha': 1e-05, 'copy_X': True, 'fit_intercept': True, 'max_iter': 50000, 'positive': False, 'precompute': False, 'random_state': None, 'selection': 'cyclic', 'tol': 0.0001, 'warm_start': False}",13,"momentum_5d,momentum_20d,ma_gap_20d,xauusd_return_1d,xauusd_momentum_5d,usdcnh_return_1d,sp500_momentum_5d,shanghai_gold_premium,premium_change_5d,momentum_5d_x_volatility_20d,premium_x_usdcnh,volatility_20d,usdcnh_momentum_5d",previous_close,True,True,37,data/event_exclusions.csv,13,"momentum_5d,momentum_20d,ma_gap_20d,xauusd_return_1d,xauusd_momentum_5d,usdcnh_return_1d,sp500_momentum_5d,shanghai_gold_premium,premium_change_5d,momentum_5d_x_volatility_20d,premium_x_usdcnh,volatility_20d,usdcnh_momentum_5d",0.05,interactions,,False
2,aic,OLS,0.0001537652314251,0.0001637134665706,0.9392338617349572,0.276791681552336,0.553921568627451,,,,,"{'copy_X': True, 'fit_intercept': True, 'n_jobs': None, 'positive': False, 'tol': 1e-06}",13,"momentum_5d,momentum_20d,ma_gap_20d,xauusd_return_1d,xauusd_momentum_5d,usdcnh_return_1d,sp500_momentum_5d,shanghai_gold_premium,premium_change_5d,momentum_5d_x_volatility_20d,premium_x_usdcnh,volatility_20d,usdcnh_momentum_5d",previous_close,True,True,37,data/event_exclusions.csv,13,"momentum_5d,momentum_20d,ma_gap_20d,xauusd_return_1d,xauusd_momentum_5d,usdcnh_return_1d,sp500_momentum_5d,shanghai_gold_premium,premium_change_5d,momentum_5d_x_volatility_20d,premium_x_usdcnh,volatility_20d,usdcnh_momentum_5d",0.05,interactions,,False
6,aic,Huber,0.0003628702576974,0.0003863167180552,0.9393076735693144,0.2269879383132338,0.5686274509803921,,,,,"{'alpha': 0.0001, 'epsilon': 1.1, 'fit_intercept': True, 'max_iter': 5000, 'tol': 1e-05, 'warm_start': False}",13,"momentum_5d,momentum_20d,volatility_20d,ma_gap_20d,xauusd_momentum_5d,usdcnh_momentum_5d,real_yield_10y,nominal_yield_change_5d,sp500_volatility_20d,premium_change_5d,momentum_5d_x_volatility_20d,premium_x_usdcnh,shanghai_gold_premium",previous_close,True,True,51,data/event_exclusions.csv,13,"momentum_5d,momentum_20d,volatility_20d,ma_gap_20d,xauusd_momentum_5d,usdcnh_momentum_5d,real_yield_10y,nominal_yield_change_5d,sp500_volatility_20d,premium_change_5d,momentum_5d_x_volatility_20d,premium_x_usdcnh,shanghai_gold_premium",0.05,interactions,,False
7,aic,ElasticNet,0.0004139726286292,0.0004399888434672,0.9408707397374176,0.21914908187816,0.553921568627451,,,,,"{'alpha': 0.001, 'copy_X': True, 'fit_intercept': True, 'l1_ratio': 0.5, 'max_iter': 50000, 'positive': False, 'precompute': False, 'random_state': None, 'selection': 'cyclic', 'tol': 0.0001, 'warm_start': False}",14,"momentum_5d,momentum_20d,volatility_20d,ma_gap_20d,xauusd_momentum_5d,xauusd_volatility_20d,usdcnh_momentum_5d,real_yield_10y,nominal_yield_change_5d,sp500_volatility_20d,premium_change_5d,momentum_5d_x_volatility_20d,premium_x_usdcnh,shanghai_gold_premium",previous_close,True,True,49,data/event_exclusions.csv,14,"momentum_5d,momentum_20d,volatility_20d,ma_gap_20d,xauusd_momentum_5d,xauusd_volatility_20d,usdcnh_momentum_5d,real_yield_10y,nominal_yield_change_5d,sp500_volatility_20d,premium_change_5d,momentum_5d_x_volatility_20d,premium_x_usdcnh,shanghai_gold_premium",0.05,interactions,,False
7,aic,Ridge,0.000414375562488,0.0004399888434672,0.9417865217277508,0.2076280673265164,0.5563725490196079,,,,,"{'alpha': 1000.0, 'copy_X': True, 'fit_intercept': True, 'max_iter': None, 'positive': False, 'random_state': None, 'solver': 'auto', 'tol': 0.0001}",14,"momentum_5d,momentum_20d,volatility_20d,ma_gap_20d,xauusd_momentum_5d,xauusd_volatility_20d,usdcnh_momentum_5d,real_yield_10y,nominal_yield_change_5d,sp500_volatility_20d,premium_change_5d,momentum_5d_x_volatility_20d,premium_x_usdcnh,shanghai_gold_premium",previous_close,True,True,49,data/event_exclusions.csv,14,"momentum_5d,momentum_20d,volatility_20d,ma_gap_20d,xauusd_momentum_5d,xauusd_volatility_20d,usdcnh_momentum_5d,real_yield_10y,nominal_yield_change_5d,sp500_volatility_20d,premium_change_5d,momentum_5d_x_volatility_20d,premium_x_usdcnh,shanghai_gold_premium",0.05,interactions,,False
7,aic,Lasso,0.0004182490416571,0.0004399888434672,0.950590106697271,0.1289125558828118,0.5367647058823529,,,,,"{'alpha': 0.0001, 'copy_X': True, 'fit_intercept': True, 'max_iter': 50000, 'positive': False, 'precompute': False, 'random_state': None, 'selection': 'cyclic', 'tol': 0.0001, 'warm_start': False}",14,"momentum_5d,momentum_20d,volatility_20d,ma_gap_20d,xauusd_momentum_5d,xauusd_volatility_20d,usdcnh_momentum_5d,real_yield_10y,nominal_yield_change_5d,sp500_volatility_20d,premium_change_5d,momentum_5d_x_volatility_20d,premium_x_usdcnh,shanghai_gold_premium",previous_close,True,True,49,data/event_exclusions.csv,14,"momentum_5d,momentum_20d,volatility_20d,ma_gap_20d,xauusd_momentum_5d,xauusd_volatility_20d,usdcnh_momentum_5d,real_yield_10y,nominal_yield_change_5d,sp500_volatility_20d,premium_change_5d,momentum_5d_x_volatility_20d,premium_x_usdcnh,shanghai_gold_premium",0.05,interactions,,False
6,aic,Ridge,0.0003673499005477,0.0003863167180552,0.9509034514400948,0.2157833153703826,0.5637254901960784,,,,,"{'alpha': 1000.0, 'copy_X': True, 'fit_intercept': True, 'max_iter': None, 'positive': False, 'random_state': None, 'solver': 'auto', 'tol': 0.0001}",13,"momentum_5d,momentum_20d,volatility_20d,ma_gap_20d,xauusd_momentum_5d,usdcnh_momentum_5d,real_yield_10y,nominal_yield_change_5d,sp500_volatility_20d,premium_change_5d,momentum_5d_x_volatility_20d,premium_x_usdcnh,shanghai_gold_premium",previous_close,True,True,51,data/event_exclusions.csv,13,"momentum_5d,momentum_20d,volatility_20d,ma_gap_20d,xauusd_momentum_5d,usdcnh_momentum_5d,real_yield_10y,nominal_yield_change_5d,sp500_volatility_20d,premium_change_5d,momentum_5d_x_volatility_20d,premium_x_usdcnh,shanghai_gold_premium",0.05,interactions,,False
6,aic,ElasticNet,0.000369021170154,0.0003863167180552,0.9552296157715132,0.2324136642222013,0.5588235294117647,,,,,"{'alpha': 0.001, 'copy_X': True, 'fit_intercept': True, 'l1_ratio': 0.5, 'max_iter': 50000, 'positive': False, 'precompute': False, 'random_state': None, 'selection': 'cyclic', 'tol': 0.0001, 'warm_start': False}",13,"momentum_5d,momentum_20d,volatility_20d,ma_gap_20d,xauusd_momentum_5d,usdcnh_momentum_5d,real_yield_10y,nominal_yield_change_5d,sp500_volatility_20d,premium_change_5d,momentum_5d_x_volatility_20d,premium_x_usdcnh,shanghai_gold_premium",previous_close,True,True,51,data/event_exclusions.csv,13,"momentum_5d,momentum_20d,volatility_20d,ma_gap_20d,xauusd_momentum_5d,usdcnh_momentum_5d,real_yield_10y,nominal_yield_change_5d,sp500_volatility_20d,premium_change_5d,momentum_5d_x_volatility_20d,premium_x_usdcnh,shanghai_gold_premium",0.05,interactions,,False
6,aic,Lasso,0.0003697613474398,0.0003863167180552,0.9571456014153978,0.1443996327800202,0.5490196078431373,,,,,"{'alpha': 0.0001, 'copy_X': True, 'fit_intercept': True, 'max_iter': 50000, 'positive': False, 'precompute': False, 'random_state': None, 'selection': 'cyclic', 'tol': 0.0001, 'warm_start': False}",13,"momentum_5d,momentum_20d,volatility_20d,ma_gap_20d,xauusd_momentum_5d,usdcnh_momentum_5d,real_yield_10y,nominal_yield_change_5d,sp500_volatility_20d,premium_change_5d,momentum_5d_x_volatility_20d,premium_x_usdcnh,shanghai_gold_premium",previous_close,True,True,51,data/event_exclusions.csv,13,"momentum_5d,momentum_20d,volatility_20d,ma_gap_20d,xauusd_momentum_5d,usdcnh_momentum_5d,real_yield_10y,nominal_yield_change_5d,sp500_volatility_20d,premium_change_5d,momentum_5d_x_volatility_20d,premium_x_usdcnh,shanghai_gold_premium",0.05,interactions,,False
4,aic,Ridge,0.0002550794220739,0.0002662366908926,0.9580926701674388,0.1891624894665969,0.5441176470588235,,,,,"{'alpha': 100.0, 'copy_X': True, 'fit_intercept': True, 'max_iter': None, 'positive': False, 'random_state': None, 'solver': 'auto', 'tol': 0.0001}",16,"momentum_5d,momentum_20d,volatility_20d,ma_gap_20d,xauusd_return_1d,xauusd_momentum_5d,usdcnh_momentum_5d,real_yield_10y,real_yield_change_5d,nominal_yield_change_5d,sp500_volatility_20d,premium_change_5d,momentum_5d_x_volatility_20d,premium_x_usdcnh,real_yield_change_x_xauusd_return,shanghai_gold_premium",previous_close,True,True,50,data/event_exclusions.csv,16,"momentum_5d,momentum_20d,volatility_20d,ma_gap_20d,xauusd_return_1d,xauusd_momentum_5d,usdcnh_momentum_5d,real_yield_10y,real_yield_change_5d,nominal_yield_change_5d,sp500_volatility_20d,premium_change_5d,momentum_5d_x_volatility_20d,premium_x_usdcnh,real_yield_change_x_xauusd_return,shanghai_gold_premium",0.05,interactions,,False
5,aic,Ridge,0.0003087786080964,0.0003218607612973,0.9593546192203156,0.2052711399048858,0.5245098039215687,,,,,"{'alpha': 1000.0, 'copy_X': True, 'fit_intercept': True, 'max_iter': None, 'positive': False, 'random_state': None, 'solver': 'auto', 'tol': 0.0001}",15,"momentum_5d,momentum_20d,volatility_20d,ma_gap_20d,xauusd_return_1d,xauusd_momentum_5d,usdcnh_momentum_5d,real_yield_10y,real_yield_change_5d,nominal_yield_change_5d,sp500_volatility_20d,premium_change_5d,momentum_5d_x_volatility_20d,premium_x_usdcnh,shanghai_gold_premium",previous_close,True,True,52,data/event_exclusions.csv,15,"momentum_5d,momentum_20d,volatility_20d,ma_gap_20d,xauusd_return_1d,xauusd_momentum_5d,usdcnh_momentum_5d,real_yield_10y,real_yield_change_5d,nominal_yield_change_5d,sp500_volatility_20d,premium_change_5d,momentum_5d_x_volatility_20d,premium_x_usdcnh,shanghai_gold_premium",0.05,interactions,,False
3,aic,Huber,0.000210221189924,0.0002188113445733,0.9607417308911316,0.2437222001921091,0.5220588235294118,,,,,"{'alpha': 0.0001, 'epsilon': 1.1, 'fit_intercept': True, 'max_iter': 5000, 'tol': 1e-05, 'warm_start': False}",15,"return_1d,momentum_5d,momentum_20d,volatility_20d,ma_gap_20d,xauusd_return_1d,xauusd_momentum_5d,usdcnh_momentum_5d,real_yield_10y,sp500_momentum_5d,shanghai_gold_premium,premium_change_5d,shfe_gold_settle_return_1d,momentum_5d_x_volatility_20d,premium_x_usdcnh",previous_close,True,True,44,data/event_exclusions.csv,15,"return_1d,momentum_5d,momentum_20d,volatility_20d,ma_gap_20d,xauusd_return_1d,xauusd_momentum_5d,usdcnh_momentum_5d,real_yield_10y,sp500_momentum_5d,shanghai_gold_premium,premium_change_5d,shfe_gold_settle_return_1d,momentum_5d_x_volatility_20d,premium_x_usdcnh",0.05,interactions,,False
4,aic,ElasticNet,0.0002560788893915,0.0002662366908926,0.9618467256820212,0.1829615646324332,0.5294117647058824,,,,,"{'alpha': 0.001, 'copy_X': True, 'fit_intercept': True, 'l1_ratio': 0.1, 'max_iter': 50000, 'positive': False, 'precompute': False, 'random_state': None, 'selection': 'cyclic', 'tol': 0.0001, 'warm_start': False}",16,"momentum_5d,momentum_20d,volatility_20d,ma_gap_20d,xauusd_return_1d,xauusd_momentum_5d,usdcnh_momentum_5d,real_yield_10y,real_yield_change_5d,nominal_yield_change_5d,sp500_volatility_20d,premium_change_5d,momentum_5d_x_volatility_20d,premium_x_usdcnh,real_yield_change_x_xauusd_return,shanghai_gold_premium",previous_close,True,True,50,data/event_exclusions.csv,16,"momentum_5d,momentum_20d,volatility_20d,ma_gap_20d,xauusd_return_1d,xauusd_momentum_5d,usdcnh_momentum_5d,real_yield_10y,real_yield_change_5d,nominal_yield_change_5d,sp500_volatility_20d,premium_change_5d,momentum_5d_x_volatility_20d,premium_x_usdcnh,real_yield_change_x_xauusd_return,shanghai_gold_premium",0.05,interactions,,False
4,aic,Lasso,0.0002561282705217,0.0002662366908926,0.962032203987254,0.1823141003196145,0.5294117647058824,,,,,"{'alpha': 0.0001, 'copy_X': True, 'fit_intercept': True, 'max_iter': 50000, 'positive': False, 'precompute': False, 'random_state': None, 'selection': 'cyclic', 'tol': 0.0001, 'warm_start': False}",16,"momentum_5d,momentum_20d,volatility_20d,ma_gap_20d,xauusd_return_1d,xauusd_momentum_5d,usdcnh_momentum_5d,real_yield_10y,real_yield_change_5d,nominal_yield_change_5d,sp500_volatility_20d,premium_change_5d,momentum_5d_x_volatility_20d,premium_x_usdcnh,real_yield_change_x_xauusd_return,shanghai_gold_premium",previous_close,True,True,50,data/event_exclusions.csv,16,"momentum_5d,momentum_20d,volatility_20d,ma_gap_20d,xauusd_return_1d,xauusd_momentum_5d,usdcnh_momentum_5d,real_yield_10y,real_yield_change_5d,nominal_yield_change_5d,sp500_volatility_20d,premium_change_5d,momentum_5d_x_volatility_20d,premium_x_usdcnh,real_yield_change_x_xauusd_return,shanghai_gold_premium",0.05,interactions,,False
5,aic,ElasticNet,0.0003105305810337,0.0003218607612973,0.9647978827306528,0.1517263488516015,0.5245098039215687,,,,,"{'alpha': 0.001, 'copy_X': True, 'fit_intercept': True, 'l1_ratio': 0.1, 'max_iter': 50000, 'positive': False, 'precompute': False, 'random_state': None, 'selection': 'cyclic', 'tol': 0.0001, 'warm_start': False}",15,"momentum_5d,momentum_20d,volatility_20d,ma_gap_20d,xauusd_return_1d,xauusd_momentum_5d,usdcnh_momentum_5d,real_yield_10y,real_yield_change_5d,nominal_yield_change_5d,sp500_volatility_20d,premium_change_5d,momentum_5d_x_volatility_20d,premium_x_usdcnh,shanghai_gold_premium",previous_close,True,True,52,data/event_exclusions.csv,15,"momentum_5d,momentum_20d,volatility_20d,ma_gap_20d,xauusd_return_1d,xauusd_momentum_5d,usdcnh_momentum_5d,real_yield_10y,real_yield_change_5d,nominal_yield_change_5d,sp500_volatility_20d,premium_change_5d,momentum_5d_x_volatility_20d,premium_x_usdcnh,shanghai_gold_premium",0.05,interactions,,False
5,aic,Lasso,0.0003106006289212,0.0003218607612973,0.9650155168628488,0.1509632049582419,0.5245098039215687,,,,,"{'alpha': 0.0001, 'copy_X': True, 'fit_intercept': True, 'max_iter': 50000, 'positive': False, 'precompute': False, 'random_state': None, 'selection': 'cyclic', 'tol': 0.0001, 'warm_start': False}",15,"momentum_5d,momentum_20d,volatility_20d,ma_gap_20d,xauusd_return_1d,xauusd_momentum_5d,usdcnh_momentum_5d,real_yield_10y,real_yield_change_5d,nominal_yield_change_5d,sp500_volatility_20d,premium_change_5d,momentum_5d_x_volatility_20d,premium_x_usdcnh,shanghai_gold_premium",previous_close,True,True,52,data/event_exclusions.csv,15,"momentum_5d,momentum_20d,volatility_20d,ma_gap_20d,xauusd_return_1d,xauusd_momentum_5d,usdcnh_momentum_5d,real_yield_10y,real_yield_change_5d,nominal_yield_change_5d,sp500_volatility_20d,premium_change_5d,momentum_5d_x_volatility_20d,premium_x_usdcnh,shanghai_gold_premium",0.05,interactions,,False
7,aic,OLS,0.000425151362088,0.0004399888434672,0.9662775963538588,0.0950988348321646,0.5294117647058824,,,,,"{'copy_X': True, 'fit_intercept': True, 'n_jobs': None, 'positive': False, 'tol': 1e-06}",14,"momentum_5d,momentum_20d,volatility_20d,ma_gap_20d,xauusd_momentum_5d,xauusd_volatility_20d,usdcnh_momentum_5d,real_yield_10y,nominal_yield_change_5d,sp500_volatility_20d,premium_change_5d,momentum_5d_x_volatility_20d,premium_x_usdcnh,shanghai_gold_premium",previous_close,True,True,49,data/event_exclusions.csv,14,"momentum_5d,momentum_20d,volatility_20d,ma_gap_20d,xauusd_momentum_5d,xauusd_volatility_20d,usdcnh_momentum_5d,real_yield_10y,nominal_yield_change_5d,sp500_volatility_20d,premium_change_5d,momentum_5d_x_volatility_20d,premium_x_usdcnh,shanghai_gold_premium",0.05,interactions,,False
4,aic,Huber,0.0002573009893512,0.0002662366908926,0.9664370019342028,0.238150944651506,0.5024509803921569,,,,,"{'alpha': 0.01, 'epsilon': 1.1, 'fit_intercept': True, 'max_iter': 5000, 'tol': 1e-05, 'warm_start': False}",16,"momentum_5d,momentum_20d,volatility_20d,ma_gap_20d,xauusd_return_1d,xauusd_momentum_5d,usdcnh_momentum_5d,real_yield_10y,real_yield_change_5d,nominal_yield_change_5d,sp500_volatility_20d,premium_change_5d,momentum_5d_x_volatility_20d,premium_x_usdcnh,real_yield_change_x_xauusd_return,shanghai_gold_premium",previous_close,True,True,50,data/event_exclusions.csv,16,"momentum_5d,momentum_20d,volatility_20d,ma_gap_20d,xauusd_return_1d,xauusd_momentum_5d,usdcnh_momentum_5d,real_yield_10y,real_yield_change_5d,nominal_yield_change_5d,sp500_volatility_20d,premium_change_5d,momentum_5d_x_volatility_20d,premium_x_usdcnh,real_yield_change_x_xauusd_return,shanghai_gold_premium",0.05,interactions,,False
6,aic,OLS,0.0003741666761713,0.0003863167180552,0.9685490135010562,0.1099114696907216,0.5416666666666666,,,,,"{'copy_X': True, 'fit_intercept': True, 'n_jobs': None, 'positive': False, 'tol': 1e-06}",13,"momentum_5d,momentum_20d,volatility_20d,ma_gap_20d,xauusd_momentum_5d,usdcnh_momentum_5d,real_yield_10y,nominal_yield_change_5d,sp500_volatility_20d,premium_change_5d,momentum_5d_x_volatility_20d,premium_x_usdcnh,shanghai_gold_premium",previous_close,True,True,51,data/event_exclusions.csv,13,"momentum_5d,momentum_20d,volatility_20d,ma_gap_20d,xauusd_momentum_5d,usdcnh_momentum_5d,real_yield_10y,nominal_yield_change_5d,sp500_volatility_20d,premium_change_5d,momentum_5d_x_volatility_20d,premium_x_usdcnh,shanghai_gold_premium",0.05,interactions,,False
4,aic,OLS,0.0002580744982052,0.0002662366908926,0.9693423447381132,0.1577583859231261,0.5269607843137255,,,,,"{'copy_X': True, 'fit_intercept': True, 'n_jobs': None, 'positive': False, 'tol': 1e-06}",16,"momentum_5d,momentum_20d,volatility_20d,ma_gap_20d,xauusd_return_1d,xauusd_momentum_5d,usdcnh_momentum_5d,real_yield_10y,real_yield_change_5d,nominal_yield_change_5d,sp500_volatility_20d,premium_change_5d,momentum_5d_x_volatility_20d,premium_x_usdcnh,real_yield_change_x_xauusd_return,shanghai_gold_premium",previous_close,True,True,50,data/event_exclusions.csv,16,"momentum_5d,momentum_20d,volatility_20d,ma_gap_20d,xauusd_return_1d,xauusd_momentum_5d,usdcnh_momentum_5d,real_yield_10y,real_yield_change_5d,nominal_yield_change_5d,sp500_volatility_20d,premium_change_5d,momentum_5d_x_volatility_20d,premium_x_usdcnh,real_yield_change_x_xauusd_return,shanghai_gold_premium",0.05,interactions,,False
5,aic,Huber,0.0003120075531051,0.0003218607612973,0.9693867368222016,0.1777272622474573,0.5392156862745098,,,,,"{'alpha': 0.01, 'epsilon': 1.5, 'fit_intercept': True, 'max_iter': 5000, 'tol': 1e-05, 'warm_start': False}",15,"momentum_5d,momentum_20d,volatility_20d,ma_gap_20d,xauusd_return_1d,xauusd_momentum_5d,usdcnh_momentum_5d,real_yield_10y,real_yield_change_5d,nominal_yield_change_5d,sp500_volatility_20d,premium_change_5d,momentum_5d_x_volatility_20d,premium_x_usdcnh,shanghai_gold_premium",previous_close,True,True,52,data/event_exclusions.csv,15,"momentum_5d,momentum_20d,volatility_20d,ma_gap_20d,xauusd_return_1d,xauusd_momentum_5d,usdcnh_momentum_5d,real_yield_10y,real_yield_change_5d,nominal_yield_change_5d,sp500_volatility_20d,premium_change_5d,momentum_5d_x_volatility_20d,premium_x_usdcnh,shanghai_gold_premium",0.05,interactions,,False
5,aic,OLS,0.0003134585968885,0.0003218607612973,0.9738950334456566,0.1228557688857655,0.5171568627450981,,,,,"{'copy_X': True, 'fit_intercept': True, 'n_jobs': None, 'positive': False, 'tol': 1e-06}",15,"momentum_5d,momentum_20d,volatility_20d,ma_gap_20d,xauusd_return_1d,xauusd_momentum_5d,usdcnh_momentum_5d,real_yield_10y,real_yield_change_5d,nominal_yield_change_5d,sp500_volatility_20d,premium_change_5d,momentum_5d_x_volatility_20d,premium_x_usdcnh,shanghai_gold_premium",previous_close,True,True,52,data/event_exclusions.csv,15,"momentum_5d,momentum_20d,volatility_20d,ma_gap_20d,xauusd_return_1d,xauusd_momentum_5d,usdcnh_momentum_5d,real_yield_10y,real_yield_change_5d,nominal_yield_change_5d,sp500_volatility_20d,premium_change_5d,momentum_5d_x_volatility_20d,premium_x_usdcnh,shanghai_gold_premium",0.05,interactions,,False
